aaa;aaa;anda;12;100;0;;;0
7790270336307;7790270336307;chocolate;10,2;100;0;;;0
7793640210221;;Bayaspirina x 50u;6.95;100;N;1;100;0
2;;Aspirinetas x 50u;6.67;0;N;1;140;0
3;1;Bayaspirina C Limon x 6s.;3.71;0;N;1;4;0
5;;Cafiaspirina X 50U;6.69;0;N;1;100;1
13;;Jamcitos X 20U;4.7;432;1;2.5;10;0
22;;Queso Rallado Caeva x 40g;1.03;0;N;1;120;0
30;;Actron Mujer x 10u;6.91;0;N;1;1;0
31;;Copitos Grandote x 24u;15.87;0;N;1;12;0
7793065000117;17793065000114;CAJON DE POLLO;220.01;3276;N;1;1;0
1000007791673;;Alf Rapsodia Marroc  32u x 45g;17.59;977;N;1;1;0
7790129100134;;Encendedores Cancun x 25u;20.91;2098;N;1;40;0
37;;Guantes Pizpireta Negro Medianos;3.64;0;N;1;60;0
60;;Pure de Tomate Cica x 520 (12);2.55;0;N;1;12;0
7794000592506;57794000592501;Pure de Papas Knorr x 125g;3.3;6;N;1;12;0
7791293417080;;Sedal Enj Ceramidas X 24u;9.06;88;N;1;4;0
79;;Choc.Georgalos 40u x 8grs Ngro;10.19;0;N;1;12;0
7791324157077;;Pitusas Vainilla Caja x 4kg Fort.;41.48;40;N;1;1;0
7793024006112;;Masticable Osi Osi Frutal x 500g;6.14;663;N;1;12;0
7790580222109;;Gomita Eucogoma x 1 Kgs;14.08;309;N;1;6;0
7790580601409;;Menta Cristal x 935 Grs.;17.59;47;N;1;6;0
7793024000950;;Chupetin Wamis Leche x 50 u;4.48;0;N;1;12;0
7791293019833;;Sedal Sh Ceramidas 12u x 200ml;5.52;402;N;1;12;0
7791293011356;;Sedal Sh Crema x 24u;10.35;311;N;1;4;0
7790580403805;;Gomita Fantasia x 1 Kgs;14.08;252;N;1;6;0
7790580640101;;Gomita Yelly Roll x 1 Kgs;14.08;512;N;1;6;0
7791293011363;;Sedal Enj Balance x 24u;9.06;254;N;1;4;0
7792350004533;;Choclo Crema x 350g (24);2.27;911;N;1;24;0
7790645001199;47790645003313;Pimientos Morrones entero x 185grs;4.3;5;N;1;24;0
103;;Pa�ales Confees G. X 10u;4.1;0;N;1;16;0
104;;Pa�ales Confees XG  x 8u;4.11;0;N;1;16;0
7791290783911;;Ala  Regular 24u x 400gr;4;21;N;1;24;0
7791290783362;;Drive regular P. por el Campo x 400gr (24);2.88;404;N;1;24;0
7791290783973;;Ala Matic Sol 24u x 800grs;8.46;74;N;1;24;0
7792409006716;;Papel H Nittides Blanco 30m x 4u;1.79;1;N;1;12;0
7791290785045;;Ala Fr.Citricas Lv Vaj 15u x 750ml;3.65;0;N;1;15;0
122;;Alf Genio Surtido 24u x 60g;14.59;0;N;1;1;0
1000007792264;;Alf Genio Negro 24u x 60g;14.59;0;N;1;1;0
7791290785038;;Ala P.Naturaleza Lv Vaj 15x 750ml;3.65;0;N;1;15;0
7794000730052;;Ades Naranja x 200 cc;1.47;554;N;1;24;0
7794000730021;;Ades Manzana x 200 cc;1.47;17;N;1;24;0
7794000730106;;Ades Multifruta x 200 cc;1.47;1034;N;1;24;0
129;47794268004863;Provenzal R.M 10u X 25g;11.59;77;N;1;1;0
4779426800044;;Aji Molido R.M 10u x 25g;12.26;37;N;1;1;0
7791293991368;;Jabon Suave Alore Vera x 150gr (60);1.49;614;N;1;60;0
7794000730014;;Ades Manzana  x 1lt (12);4.31;13;N;1;12;0
7794000730045;;Ades Naranja x 1lt (12);4.31;3;N;1;12;0
7793024000073;;Gajitos x 907 grs;14.04;4;N;1;12;0
7794000730090;;Ades Multifruta x 1lt (12);4.31;257;N;1;12;0
4779426800045;;Comino Molido R.M 10u X 25g;12.37;32;N;1;1;0
7794000730076;;Ades Durazno x 1lt (12);4.31;96;N;1;12;0
139;47794268000193;Oregano R.M 10u x 25g;12.93;80;N;1;1;0
7794000957558;7794000957565;Mayonesa Rick x 125g (20);1.39;0;N;1;40;0
7794000957534;27794000957538;Mayonesa Rick x 250g (8);2.35;2;N;1;8;0
7790380002840;;Flynn Paff Manzana  X 70U;8.44;88;N;1;12;0
7790380002659;;Flynn Paff Banana  X 70U;8.86;97;N;1;12;0
7790380002857;;Flynn Paff Frutilla X 70U;8.44;64;N;1;12;0
7794000957602;;Savora x 60g (30);1.2;23;N;1;60;0
7790380002734;;Flynn Paff T.Frutti X 70U;8.44;275;N;1;12;0
4779426800042;;Pimenton R.M 10u x 25g;12.15;79;N;1;1;0
7790380002666;;Flynn Paff Uva X 70U;8.44;40;N;1;12;0
4779426800460;;Laurel Hojas R.M 10u x 15g;14.85;12;N;1;1;0
156;;P.Maiz Sabor Queso X 20U;4.7;357;N;1;10;0
7794000957244;;Ketchup Hellmanns x60  (12);1.23;14;N;1;48;0
7794000411227;57794000411222;Salsa Golf Hellmanns x 125g (20);2.42;14;N;1;40;0
4779426800461;;Chimichurri R.M 10u x 25g;14.51;11;N;1;1;0
7794268004742;;Azucar Impalpable R.M x 200g;2.12;8;N;1;20;0
2779089300064;;Grandote 2 Ngr 40U X 38G;19.41;284;N;1;1;0
2779089300062;;Grandote 2 Sur.40 u x 38g;19.41;188;N;1;1;0
1779809422512;;PIC NIC negro x 40u;16.96;0;N;1;1;0
2779089300065;;Grandote 2 bl.40u x 38g;19.41;152;N;1;1;0
3779089300012;;Grandote Ngr x 24u;19.41;914;N;1;1;0
3779089300013;;Grandote Bco x 24u;19.41;348;N;1;1;0
;37790893000143;Grandote Surtido x 24u;19.41;120;N;1;1;0
7793024000066;;Medallon Frutal Surtido x 907 Grs;14.04;21;N;1;12;0
7793024060503;;Medallon Miel  x 800Grs;14.04;0;N;1;12;0
7793024000448;;Baston Praline  x 907 Grs;14.04;60;N;1;12;0
7793024000370;;Bolon Sportlipo x 907 Grs;14.04;3;N;1;12;0
7793024000523;;Bolon Ce Leche  x 907 Grs;14.04;39;N;1;12;0
7793024000714;;Chupetin Wamis Magico x 50 u;4.48;1;N;1;12;0
7793024007638;;Chupetin Wamis Super Acido x 50u;4.48;85;N;1;12;0
7791324157060;;Pitusas Chocolate caja x 4Kg Fort.;45.58;1;N;1;1;0
7790590005198;17790590005195;Velas Victoria  x 80g;0.86;37;N;1;50;0
184;;Traviata Sunchada  3 x 120g;0;0;N;1;10;0
7791293999029;;Sedal Sh Liso Perfecto x 24u;10.35;190;N;1;4;0
7790545012080;;Camaleon X 3U;1.63;3829;N;1;480;0
7790545012097;;Punticrem X 3U;1.65;834;N;1;480;0
7790807730264;;Lamparas Franklin 40w;1.41;3220;N;1;100;0
7790807730271;;Lamparas Franklin 60w;1.41;1891;N;1;100;0
7790807730288;;Lamparas Franklin 75w;1.66;3674;N;1;100;0
7790807730295;;Lamparas Franklin 100w;1.66;3878;N;1;100;0
7798006350382;;Bolon Junior Renome x 300g;6.01;0;N;1;18;0
7790590005181;17790590005188;Velas Victoria  x 160g;1.7;5;N;1;25;0
7894400001148;;Lamparas Philips 60w;1.64;2593;N;1;100;0
7894400001179;;Lamparas Philips 150w;3.91;164;N;1;100;0
7894400001902;;Lamparas Philips 200w;4.85;494;N;1;100;0
207;;Postres Surtidos  x 200 grs;0.99;0;N;1;24;0
7790380002994;;Mast. Flynnies Yoghurt X 495G;8.37;474;N;1;12;0
5010327000046;;Whisky williams grant^s  x 750;50.46;0;N;1;12;0
7790290002190;17790290002197;Fernet Branca Menta 6 x 750;28.97;207;N;1;6;0
212;;Salsa Golf Fanacoa  x 250 cc;2.06;0;N;1;8;0
1000007792274;;Alf Genio Blanco 24u x 60g;14.59;0;N;1;1;0
215;;Odol  X 70G;2.17;0;N;1;72;0
216;;Criollitas 3u x 105;0;0;N;1;16;0
217;;Bayaspirina Forte x 40 u;6.95;0;N;1;20;0
8009265332002;;Licor Di Limone Strega 6 x 700;36.07;24;N;1;6;0
7790290007195;17790290007192;Vermut Punt E Mes 6 x 750;15.98;107;N;1;6;0
7794268000256;;Te Tilo R.M 10u x 25s;4.18;146;N;1;10;0
7794268000270;;Te Manzanilla R.M  x 25s;1.7;339;N;1;10;0
7794268000263;;Te Boldo R.M x 25s;2.63;338;N;1;10;0
7794268000225;;Te Reina Mora x 25s (10);1.39;762;N;1;10;0
224;;Pimienta Negra R.M 10 x 25g;12.53;0;N;1;1;0
4779426800046;;Pimienta Blanca R.M 10u x 25g;20.02;85;N;1;1;0
227;;Bordolino Rosado 12 x 1000;2.91;0;N;1;12;0
7894400001155;;Lamparas Philips 75w;1.94;10;N;1;100;0
7894400001162;;Lamparas Philips 100w;1.94;20;N;1;100;0
233;;Aceite C del Sol x 500cc;2.32;0;N;1;24;0
7793024000257;;Super Acido x 1kg;14.04;96;N;1;12;0
7793024000271;;Baston viena x 907g;14.04;7;N;1;12;0
7791293991337;;Jabon Suave Coco y Leche x 150grs (60);1.49;438;N;1;60;0
255;;Tutucas Burbujas x 30U;7.14;42;N;1;10;0
256;;Tutucas Manisur x 30u;6.04;0;N;1;10;0
257;;Chispitas de Color x 30U;4.33;0;N;1;10;0
7790645002059;;Caballa en Aceite x 380g;6.09;0;N;1;24;0
7791290783485;;Vivere Dia Dia 12u x 900ml;3.58;552;N;1;12;0
263;;Palito Salado X 30U;7.37;607;N;1;10;0
7791599000252;;Fideos Spaghetti  x 500g;2.12;9634;N;1;12;0
275;;Fideos �oquis x 500g (12);2.12;92;N;1;12;0
7791599000917;;Fideos Dedal x 500g;2.12;1662;N;1;12;0
279;;Kolynos X 70G;2.69;0;N;1;72;0
283;;Tabcin Antigripal Acc Rapida x 8u;6.3;0;N;1;150;0
7791324157091;;Pitusas Mousse Caja X 4 Kg Fort.;45.58;31;N;1;1;0
289;;Cafiaspirina Plus x 40 u;6.95;0;N;1;20;0
7791906919215;;Toallitas Lips con Alas;1.3;1;N;1;40;0
7791680101400;;La Hoja x 250g;1.46;1779;N;1;20;0
7791680101257;;La Hoja x 500g;2.78;2378;N;1;10;0
300;;Espirales "DﾴQUALITY" x 4 U.;0.33;0;N;1;50;0
7791599000948;;Fideos Fusillis x 500g;2.12;610;N;1;12;0
7791599001341;;Fideos Tirabuzon x 500g;2.12;1181;N;1;12;0
7790129501375;;Fosforitos Cohete x 40u;4.79;146;N;1;80;0
7791599000979;;Fideos Tallarines 12u x 500;2.12;5200;N;1;12;0
7794612002486;;Alka Cherry x 800g;15.18;35;N;1;10;0
7794612002752;;Alka Limon x 800g;15.18;89;N;1;10;0
7794612002479;;Alka Mentol x 800g;15.18;62;N;1;10;0
329;;Alka Miel x 800g;14.18;0;N;1;10;0
7794612002769;;Alka Strong x 800g;15.18;103;N;1;10;0
7790580199104;;Chupetin Cosmos x 50u;7.77;222;N;1;12;0
350;;Globos F.Cumplea�os X 25U;5.68;0;N;1;40;0
7791806003878;;Globos Lisos  cotillon9"x 50u;5.77;0;N;1;100;0
7791324157022;;Pitusas Vainilla 30u x 160g;2.08;1979;N;1;30;0
7791324157084;;Pitusas Mousse 30u x 160g;2.08;171;N;1;30;0
7791324157046;;Pitusas Chocolate 30u x 160g;2.08;1322;N;1;30;0
7793024008611;;Chupetin Wamis Yoghus Pop x 50u;4.48;2;N;1;12;0
7798094229935;;Palmeritas 15u x 180 Grs;1.45;263;N;1;15;0
7798094229027;;Coquitos 15 u x 180 Grs;1.45;342;N;1;15;0
7798094229010;;Boquitas de Limon 15u x 180 Grs;1.45;266;N;1;15;0
7798094229041;;Medallon Chocolate 15u x 180g;1.45;400;N;1;15;0
7798094229058;;Medallon Dulce de Leche 15u x 180g;1.45;407;N;1;15;0
461;;Bizcochos de Grasa 15u x 180g;1.35;2;N;1;15;0
500;;Bocadito Stopy Cacao 60u x 17g;13.92;175;N;1;1;0
7794000401389;47794000401387;Mayonesa Hellmanns x 500cc (15);5.95;3;N;1;15;0
7794000401280;;Mayonesa Hellmanns x 250cc (8);2.63;2693;N;1;8;0
7793024000936;;Chupetin Wamis Frutal x 50 u;4.48;2;N;1;12;0
7790129501757;;Estrellitas 10 x 5u;5.91;30;N;1;150;0
522;;Guantes Latex Chicos;2.95;0;N;1;60;0
523;;Guantes Latex Mediano;2.95;0;N;1;60;0
524;;Guantes Latex Grandes;2.95;0;N;1;60;0
7792409006709;;Papel Higienico Maximo 30 mt x 48u;0.48;8236;N;1;48;0
7794000544222;77794000544221;Caldos Wilde Verdura x 6u;1.56;672;N;1;160;0
7794000542228;77794000542227;Caldos Wilde Gallina x 6u (20);1.56;121;N;1;160;0
1779552200052;;Turron Palmesano x 50u;14.18;402;N;1;1;0
535;;Knorr Sopa Quick Espa. Light;4.9;0;N;1;24;0
536;;Camaleon Toys Vibrador x 1;15.48;0;N;1;1;0
537;;Knorr Sopa Quick Veg Light;5.01;0;N;1;24;0
7794000594739;37794000594730;Knorr Sopa Quick Choclo Light;5.15;115;N;1;24;0
539;;Knorr Sopa Quick Zapallo Light;4.81;0;N;1;24;0
540;;Caldos x Saborizar Gallina x 15s;10.14;0;N;1;12;0
541;;Caldos x Saborizar Verdura x 15s;10.14;0;N;1;12;0
542;;Caldos x Saborizar Carne x 15s;10.14;0;N;1;12;0
549;;Papitas Fritas X 20U;5.41;368;N;1;10;0
7790129500637;;Volcan Estruendoso x10;6.53;296;N;1;100;0
577;;Jabon Tocador polyana x 125g;1.28;0;N;1;72;0
7790129036006;;Curitas X 10U;0.98;898;N;1;200;0
583;;Actron x 10u;6.53;0;N;1;1;0
77908827;;Alf Mogy Negro 60u x 21g;13.92;789;N;1;1;0
1779809422831;;Alf Mogy Blanco 60u x 21g;13.92;191;N;1;1;0
7790645001809;57790645001804;Atun C des. en Aceite y agua  x 170g;3.3;2339;N;1;48;0
7798094222349;;Budin Tutto dolce C/Fruta x180 grs (10);1.97;0;N;1;10;0
7790645002363;57790645002368;Atun Caracas des. al Natural x 170g;3.15;2324;N;1;48;0
605;;Choc Celofan Mogy 28u x 25g;15.32;0;N;1;12;0
7790645002417;57790645002412;Sardinas en Aceite 50u x 160g;4.93;810;N;1;50;0
7792665000848;;Arroz Quebrado Monarca x 1kg (10);2.15;1369;N;1;10;0
7791290785069;;Ala Aloe Vera Lv Vaj 15u x 750 ml;4.03;1248;N;1;15;0
7791906919222;;Toallitas Lips c/alas Perf.x40u;1.3;1;N;1;40;0
7794000720343;77794000720342;Knorr S. Cubos Albah y Ajo x 4u;2.63;0;N;1;120;0
7794000720367;77794000720366;Knorr Sabor Cubos Tuco x 4u;2.63;0;N;1;120;0
7790380017387;;Tableta Alteza Leche Mani 20u X 45g;19.48;164;N;1;8;0
903;;Pitusas Pepitas 4,5 kg Fort.;37.98;46;N;1;1;0
7791324156995;;Pitusas Pepitas 30 x 160 grs;1.62;1170;N;1;30;0
905;;Globos pi�ata x 1;4.86;0;N;1;40;0
7792409000202;;Rollo de Cocina 8Px3Ux40H.;3.17;39;N;1;8;0
909;;Pa�ales Gift Barreras Ch. x 14u x 16;5.34;0;N;1;16;0
7793024000202;;Lipo Dor Chocolate y Menta x 800 g;14.78;2;N;1;12;0
7793024000394;;Bolon Menta x 907g;14.04;0;N;1;12;0
915;;Caramelo Leche Sab. Coco 12x100;8.69;0;N;1;12;0
7798006350245;;Pastillas Clix x 50u;8.91;168;N;1;32;0
918;;Traviata 32u x 120g;0;0;N;1;32;0
7794268005091;;Pimenton Bolsa R.M 1 x 1kg;30.4;5;N;1;1;0
921;;Comino Molido Bolsa R.M 1x1kg;31.94;1;N;1;1;0
7798094222356;;Budin Tutto Dolce Sin Fruta x 180g (10);1.97;0;N;1;10;0
7791324157411;;Pitusas Pepitas 12x400grs;3.48;267;N;1;12;0
7790380411710;;Mast. Flynnies Surtidos 102u x 459g;8.37;527;N;1;12;0
7798094221243;;Pan Dulce Nevares C/F x400grs (12);4.39;0;N;1;12;0
929;;Pan Dulce Nevares Madrile�o x360g (12);4.32;3;N;1;12;0
930;;Pan Dulce Nevares Marmolado x400g (12);4.32;118;N;1;12;0
931;;Budin Nevares C/F 10x300g;3.61;0;N;1;10;0
932;;Budin Nevares S/F 10x300gr;3.61;0;N;1;10;0
933;;Budin Nevares Marmolado 10x300g;3.61;0;N;1;10;0
7798094222318;;Budin Fantasia chocolate x 160g (18);2.08;0;N;1;18;0
7794000720381;77794000720380;Knorr S Cubos Panceta Ceb x 4u;2.63;0;N;1;120;0
7794000720305;77794000720304;Knorr S cubos Provenzal x 4u;2.63;0;N;1;120;0
7794000594517;;Knorr Sabororizador italiano x 4u;3.2;0;N;1;120;0
943;;Knorr Sabor Cubo Hongos x 4u;2.74;0;N;1;120;0
7794000720428;;Knorr Sabor cubos cr. verd x 4u;2.63;0;N;1;120;0
7794268000249;;Yerba Mate Reina Mora x 25S (10);1.86;1004;N;1;10;0
948;;Pa�ales Confees M. x12x16;4.11;0;N;1;16;0
6923794403106;;Dulce de Membrillo x 5kg cajon;29.58;1;N;1;1;0
1016;;Fogueta Tres tiros x 3u;4.19;516;N;1;100;0
7792260231180;;Mermelada Zapallo 12u x 500g;2.97;2;N;1;12;0
4779426800453;;Perejil Desh Rm 10 x 25G;12.93;10;N;1;1;0
1029;;Jumala Albahaca 25u x 50g;2.32;0;N;1;25;0
1049;;Jumala Ajo Molido 25u x 50g;1.97;0;N;1;25;0
1053;;Cafe Etiqueta Dorada 6x1kg;17.84;0;N;1;6;0
7792260000021;;Mermelada Durazno 12u x 500g;2.86;3;N;1;12;0
7792260000052;;Mermelada Ciruela 12u x 500g;2.97;1;N;1;12;0
7792260000038;;Mermelada Damasco 12u x 500g;2.97;1;N;1;12;0
7792260231043;;Mermelada Tuti Frutti 12u x 500g;2.97;0;N;1;12;0
7792260000083;;Mermelada Higo 12u x 500g;2.97;1;N;1;12;0
7792260639382;;Mermelada Dulce de Batata 12u x 500g;3.66;88;N;1;12;0
7792260000045;;Mermelada Naranja 12u x 500g;2.97;0;N;1;12;0
8779226000026;;Dulce de Batata x 5kg cajon;29.27;3;N;1;1;0
7792260000274;;Dulce de Batata c/choc x 5kg cajon;29.27;4;N;1;1;0
7794000451391;7794000999121;Mayonesa Hellmanns Light x 125grs (20);1.58;171;N;1;40;0
7794000502130;77794000502139;Caldos Knorr Gallina 24x2;1.2;9786;N;1;480;0
7794000504134;77794000504133;Caldos Knorr Verdura 24x2;1.2;7116;N;1;480;0
7794000501133;77794000501132;Caldos Knorr Carne 24x2;1.2;1896;N;1;480;0
7794000401228;57794000401223;Mayonesa Hellmanns 20x125 grs;1.37;2794;N;1;40;0
7794000401532;37794000401533;Mayonesa Hellmanns 3 x 2900cc;24.65;180;N;1;3;0
1108;;Ca�on Trueno 2 ";11.26;62;N;1;60;0
7790129500224;;Ca�a Voladora 30cm  con tiro 12x12;15.71;0;N;1;40;0
7790129503294;;Estallos  30x10;11.62;383;N;1;60;0
7790129500675;;Baterias de 14 tiros x 40;21.76;47;N;1;20;0
7794000443129;;Savora Cond 3x3kgs;18.58;0;N;1;3;0
1116;;Talco Polyana 24x200g;2.07;0;N;1;24;0
1117;;Bizcochos Azucarados Nevares 15x180grs;1.35;1;N;1;15;0
1118;;Colgate x 70g;3.18;0;N;1;72;0
7791906920778;;Toallitas Humedas disney24bx50t.;9.32;16;N;1;24;0
7790129500347;;Florerito Estruendoso x 20u;5.9;665;N;1;75;0
7793024006136;;Masticable Osi-Osi Leche 12x500g .;6.14;474;N;1;12;0
7794000451285;37794000451286;Mayonesa Hellmanns Ligth x 250cc (8);3.25;92;N;1;8;0
7790590000445;;Fosforos Tres Patitos x 222u;1.49;792;N;1;200;0
7798006350405;;Bolon Junior Sabor Chicle x 300g;6.01;203;N;1;18;0
1133;17794000412016;Mayonesa Fanacoa 196 x 8 gr;20.68;0;N;1;1;0
7791290785502;;Pan Ala Regular 2u x 200gr;3.99;339;N;1;42;0
7794000956735;17794000956732;Mayonesa Wilde 3u x 2900;14.95;188;N;1;3;0
1139;;Polvo Limpiador Odex biclorin12u x 500g;2.44;0;N;1;12;0
1140;;Azucar Sobre 800 x 0,8 grs;21.2;0;N;1;1;0
7790036020235;;Edulcorante SI-DIET 500 (6);5.99;450;N;1;6;0
1145;;Pitusas Rosquitas de Miel 12 x 400 grs;1.79;0;N;1;12;0
1146;;Protec. Diarios Lips x 20u (30);2.36;0;N;1;30;0
1000007792573;;OBLEA 2X3  x 22 g  (60);12.61;0;N;1;1;0
1000007790819;;Alf Nevares Negro 32 x 45g;17.59;26;N;1;1;0
1000007792562;;Alf Nevares Blanco 32 x 45g;17.59;25;N;1;1;0
7790580634407;;Chicle Bomky Menta radia x 150u;9.8;79;N;1;18;0
1161;;Chicle Bomky Fruta radia x 150u;9.8;151;N;1;18;0
1162;;Bayaspirina C Caliente x 6 sobres;4.99;0;N;1;4;0
1163;;Bayaspirina C Naranja x 6 s.;3.71;0;N;1;4;0
1164;;Tabcin Caliente x 5 s.;5.58;0;N;1;4;0
7791906921317;;Pa�ales Kiddies Basico M 16x10;5.84;81;N;1;16;0
7791906921324;;Pa�ales Kiddies max Gde 16x9;5.84;1;N;1;16;0
7791906921331;;Pa�ales Kiddies max EG 16x8;5.84;106;N;1;16;0
1170;;Pure Cica Pomarola 36x200 grs;2.4;0;N;1;36;0
1171;;Pure Cica Pizza 36x200grs;3.15;0;N;1;36;0
7794000535114;17794000535111;Knorr sopa cr choclo 15 sob;2.4;0;N;1;15;0
7794000513112;17794000513119;Knorr sopa cr arvejas c/jamon 15sob;2.4;0;N;1;15;0
7794000511118;17794000511115;Knorr sopa cr espar 15  sob;2.4;0;N;1;15;0
7794000533110;17794000533117;Knorr sopa cr zapa 15 sob;2.4;0;N;1;15;0
7794000514119;17794000514116;Knorr sopa cr pollo 15sob;2.4;0;N;1;15;0
7794000517110;57794000517115;Knorr sopa cr queso 15 sob;2.4;1;N;1;15;0
7794000532113;27794000532117;Knorr sopa verd 2x8sob;2.58;0;N;1;16;0
7794000519114;17794000519111;Knorr sopa cr verdura (15u);2.4;0;N;1;15;0
5779552200035;;Turronito  x 60 unid.;11.09;49;N;1;1;0
1181;;Huevos Chocolate namur  36 x 22g;1.09;279;N;1;36;0
1184;;Yerba Insignia 10x1/2kg;2.36;235;N;1;10;0
1185;17794000402000;Mayonesa Hellmanns 196x8grs;28.66;0;N;1;1;0
1189;;Miel Casera x 500 grs;4.49;0;N;1;1;0
1194;;Huevos Chocolate namur 30u x 45g;1.59;0;N;1;30;0
1196;;Pitusas Ros.Miel 30x170grs;0.87;0;N;1;30;0
7790380011804;;Flynn Paff Frutilla/ Vainilla 12x70;8.44;114;N;1;12;0
1202;;Flynn Paff Pinta Lengua 12x70;8.44;19;N;1;12;0
7794000502222;27794000502226;Caldos Knorr Gallina 16x10x6cub.;3.32;2974;N;1;160;0
7794000504226;27794000504220;Caldos Knorr Verdura 16x10x6cub.;3.32;3481;N;1;160;0
7790380011750;;Chocolate taza Alteza x 100grs (50);2.43;1319;N;1;50;0
1211;;Knorr Sopa Cr Light verd 2 x 8s.;2.92;0;N;1;16;0
7790129017630;;Pa�uelos descartables 10x10u(24);5.78;292;N;1;24;0
7792665006260;;Arroz Monarca x 1kg (10);2.76;228;N;1;10;0
7791290785052;;Ala colageno Lv Vaj 15u x 750ml;4.03;1180;N;1;15;0
7790450085049;;Mayonesa Fanacoa x 125g (20);1;2;N;1;40;0
1233;;Oregano Bolsa R.M 1x1kgr;26.9;1;N;1;1;0
7793024008765;;Chupetin Wamis Fizzy 12x453g.;4.48;65;N;1;12;0
7790060004270;17790060004277;Mayonesa Fanacoa  x250 cc (12);1.95;894;N;1;12;0
7794000594555;;Caldos Knorr Gallina 1x12cu.;4.98;1200;N;1;80;0
7794000594548;;Caldos Knorr Verdura 1x12cu.;4.98;909;N;1;80;0
7798124942209;;Pegamento Amurito x 1;3.65;11;N;1;1;0
1247;;Talco Aktiol x100g;3.32;0;N;1;24;0
7794000401334;37794000401335;Mayonesa Hellmanns Fsc. x 350grs (6);5.06;29;N;1;6;0
7794000501713;17794000501710;Caldos Knorr carne 80x12;4.98;277;N;1;80;0
7794000501225;27794000501229;Caldos Knorr carne 16x10x6c;3.32;295;N;1;160;0
1260;;Azafran Display x 6u.;9.42;0;N;1;1;0
1263;;Pure de Papa y Zapallo 12x125g;0;0;N;1;12;0
1264;;Tutto Dolce rell. D.L. x 20u;12.1;0;N;1;1;0
1266;;Cafe con cacao 14 x 50gr;1.31;0;N;1;14;0
1272;;Alka-Seltzer x 6 Sobres Antiacido;4.72;0;N;1;64;0
1273;;Aji Pcte. Bolsa R.M 1x1kg;56.85;1;N;1;1;0
1274;;Pimienta Bolsa R.M 1x1kg;56.54;3;N;1;1;0
7794268005121;;Provenzal Bolsa R.M 1x1kg;17.33;10;N;1;1;0
1277;;Yerba La Hoja Compues. 10x500grs;2.46;0;N;1;10;0
7794000541221;77794000541220;Caldos Wilde Carne x 6 (20);1.56;162;N;1;160;0
7894400001131;;Lamparas Philips  40w;1.65;628;N;1;100;0
7794000512115;77794000512114;Sopa Casera Letras x 71,5g (10);1.87;0;N;1;10;0
1291;;Polvo Limpiador Odex Brillador 12x500g;2.44;0;N;1;12;0
1293;;Espuma Afeitar Palmolive verde 6x300g;6.74;0;N;1;6;0
1294;;Cubanitos cubacoa x 40 u;4.34;0;N;1;10;0
1309;;Te Jumala Sobre x100(3);5.52;0;N;1;3;0
1310;;Espuma Afeitar Palmolive roja 6x300;6.74;0;N;1;6;0
1311;;Espuma Afeitar Palmolive Azul 6x300;6.74;0;N;1;6;0
1339;;Ala Glicerina Lv Vaj 15u x 750 cl;4.03;1118;N;1;15;0
7791290785021;;Ala Limon Lv Vaj 15u x 750ml;3.65;1073;N;1;15;0
1342;;M.T Seleccion TTo 6 x 700;3.56;0;N;1;6;0
1343;;M.T Seleccion Bco 6 x 700;3.56;0;N;1;6;0
1344;;S.A Seleccion TTo 6 x 700;3.45;0;N;1;6;0
7790762000020;;S.A Seleccion Bco 6 x 700;3.45;0;N;1;6;0
1346;;Tomba Vino Fino TTo 6 x 700;2.82;0;N;1;6;0
1347;;Termidor Bco 12 x 1000;3.33;0;N;1;12;0
1348;;Termidor TTo 12 x 1000;3.45;0;N;1;12;0
1349;;Bordolino TTo 12 x 1000;3.09;0;N;1;12;0
1350;;Bordolino Bco 12 x 1000;3.09;0;N;1;12;0
7791540122477;;Tomba Vino Fino Bco 6 x 700;2.85;0;N;1;6;0
1352;;Frizze Rojo 6 x 750;7.35;0;N;1;6;0
1353;;Frizze Blanco 6 x 750;7.35;0;N;1;6;0
1368;;Ca�a super sil trazo pta y estr x 6u;62.56;20;N;1;30;0
1369;;Mortero Thunder King x 6u;8.52;254;N;1;48;0
1370;;Ca�on trueno 1 5" Nac. x1 (24);9.29;28;N;1;60;0
1371;;Ca�on TRUENO  1 1/2 (12);7.56;0;N;1;60;0
7790580178109;;Masticables Surtidos Misky 10 x 800g;9.64;649;N;1;10;0
1373;;Petardo rompeportones x 5;6.59;13;N;1;100;0
7790380013822;;Turron de Mani Namur 36x90g;1.33;0;N;1;36;0
1379;;Surtidas Desfile 20x400g;2.77;0;N;1;20;0
1380;;Ca�as 40cm con perlas multicolor x 12u;4.42;25;N;1;80;0
7794000411289;37794000411280;Salsa Golf Hellmanns x250gr (8);3.35;90;N;1;8;0
1390;;Chicle Simpson tutti frutti tira x 15u x 12g;6.42;0;N;1;12;0
7790290001193;17790290001190;Fernet Branca 6 x 750;31.1;157;N;1;6;0
7790290000332;;Licor Cafe Borghetti 6 x 700;27.29;203;N;1;6;0
7794000115118;27794000115112;Maizena 50x200gr;2.05;64;N;1;50;0
1398;;Frizze New Touch Durazno 6 x 750;9.06;0;N;1;6;0
1400;;Frizze New Touch Frutilla 6 x 750;9.06;0;N;1;6;0
1401;;Hereford TTO 6 x 750;6.26;0;N;1;6;0
1402;;Hereford BCO 6 x 750;6.08;0;N;1;6;0
1404;47794268000414;Bicarbonato RM 10u x 25g;6.75;55;N;1;1;0
1405;47794268000155;Nuez Moscado RM 10u x 10g 2U;19.78;32;N;1;1;0
1406;47794268004627;Condimento Pizza RM 10u x 25g;15.01;23;N;1;1;0
1407;47794268004887;Polvo P/Hornear RM 10u x 50g;15.52;3;N;1;1;0
1409;;Terma Traslasierra 12 x 1250cc;3.77;0;N;1;12;0
1410;;Terma B. del Sur 12 x 1250cc;3.8;0;N;1;12;0
7790950005806;37790950005807;Terma Serrano 12 x 1250 cc;5.95;618;N;1;12;0
7790950005820;37790950005821;Terma Limon 12u x 1250 cc;5.95;424;N;1;12;0
7790950005875;37790950005876;Terma Limon Ligth 12u x 1250cc;5.95;126;N;1;12;0
7790950005813;37790950005814;Terma Cuyano 12u x 1250cc;5.95;215;N;1;12;0
1415;;Terma Traslasierra 12u x 420 cc;1.8;0;N;1;12;0
1416;;Terma B. del Sur 12u x 420 cc;1.8;0;N;1;12;0
7790950003208;37790950003209;Vermut Cinzano Rosso x 12u;15.48;111;N;1;12;0
7790950003420;37790950003421;Amargo Tres Torres Serrano 12x1,5;2.93;109;N;1;12;0
7790950003437;37790950003438;Amargo Tres Torres Blanco 12x1,5;2.93;110;N;1;12;0
7790950003444;37790950003445;Amargo Tres Torres Limon 12x1,5;2.93;1;N;1;12;0
7790950004441;37790950004442;Pronto Shake 12 x 354;4.66;76;N;1;12;0
7790950102093;37790950102094;DR. Lemon C Vodka 12 x 275cc;4.74;130;N;1;12;0
7790950000160;37790950000161;Gancia x 950 cc (12);17.84;811;N;1;12;0
1427;;Jugo Rindedos Naranja 20x30g;19.11;0;N;1;1;0
1428;;Jugo Rindedos Mix Frutal 20x30g;19.11;0;N;1;1;0
1429;;Jugo Rindedos Durazno 20x30g;19.11;0;N;1;1;0
1431;;Jugo Rindedos Manzana 20x30g;19.11;0;N;1;1;0
1432;;Trilogie Tinto 6 x 750;13.37;0;N;1;6;0
7790762076667;;S.A. Seleccion BCO 12 x 375;3.21;0;N;1;12;0
1434;;S.A. Seleccion TTO 12 x 375;3.21;0;N;1;12;0
7790580060206;;Masticable Sugus 16u x 700gr;14.04;197;N;1;16;0
7790950000191;;Gancia x450cc (12);8.52;600;N;1;12;0
7790290001179;37790290001170;Fernet Branca 12x450;19.25;237;N;1;12;0
7794612182409;;Hamlet Leche(almendra y mani ) 20u x 52gr;25.62;0;N;1;6;0
7794612182607;;Hamlet Blanco y cookies  20u x 52 Gr;25.62;2;N;1;6;0
7794612182805;;Hamlet Bicolor 20u x 52 gr;25.62;0;N;1;6;0
7794612182706;;Hamlet  Vainilla 20u x 52 grs;25.62;8;N;1;6;0
7794268004575;;Cafe Torrado R.M. 10 x125g;3.46;27;N;1;10;0
7791906921546;;Toallitas  Diario Pocket x40u (30);4.58;3;N;1;30;0
4779426800449;;Coco Rallado R.M 10x25;13.83;14;N;1;1;0
7794612273701;;Chocolatin Rospo Cereza 24x10g;8.83;4;N;1;8;0
7790580056001;;Sugus Confitado  30x50g;1.59;687;N;1;30;0
7790950002768;37790950002769;Marcela Americano 12x950 cc;5.03;584;N;1;12;0
1455;;Knorr Sopa Quick Espinaca Ligth;5.52;0;N;1;48;0
1456;;Masticable yogurt Misky 10x800g;6.75;0;N;1;10;0
7790580731007;;Chupetin mini cosmos 40u x 10g;4.73;104;N;1;24;0
7790290000431;;Fernet Vittone x 750;10.7;28;N;1;6;0
7790290000233;37790290003235;Fernet Vittone x 450;7.05;13;N;1;12;0
1000007798832;;Alf. Chococream 32x45grs;17.59;17;N;1;1;0
7794612184304;;Hamlet Yogurt  6x20x50g;25.62;1;N;1;6;0
7790703165207;;New Age 6x750;18.44;92;N;1;6;0
7790703168161;;Bianchi Borgo�a 6x750;12.61;30;N;1;6;0
7790703165443;;Bianchi Doc. Malbec 6x750;18.69;17;N;1;6;0
7790703167324;;Bianchi Doc. Chard. Semill. 6x750;17.28;4;N;1;6;0
7790703167317;;Bianchi Doc. Cab. Sauv. 6x750;18.69;22;N;1;6;0
7790703102196;;Bianchi Chablis 6x700;15.13;21;N;1;6;0
7791293016085;;Sedal Sh. Ceramidas 24 x 15ml;10.35;375;N;1;4;0
7791293009902;;Jabon Suave Varios 35x3x90g;3.39;1130;N;1;35;0
7791293009919;;Jabon Suave Ext. Flor. 35x3x90g;3.39;1358;N;1;35;0
7791290783867;;Ala Matic L. Activa x400g (24);4;2093;N;1;24;0
7791599000283;;Fideos Mo�os 12x500grs;2.24;1428;N;1;12;0
1473;;Pollo x 1kg;6.89;0;N;1;1;0
1475;;Criollitas 48x105g;0;0;N;1;48;0
7790580585815;;Choc Misky 40u x 8gr  Bco;10.24;45;N;1;20;0
7790580585914;;Choc Misky 40u x 8 gr Ngro;10.24;6;N;1;20;0
7790950000597;67790950000599;Fernet Lusera 6x750;9.98;35;N;1;6;0
7791290785311;;Cif Antig.Rep.Econ. 12x500ml;3.6;140;N;1;12;0
7791290000414;;Cif Crema Limon 12x750gr;6.39;89;N;1;12;0
7791290000469;;Cif Crema Blanco 12x375gr;3.32;0;N;1;12;0
7791293019758;;Sedal Sh. Crema 12x200 ml;5.52;383;N;1;12;0
7794612157100;;Bombom Dancing Surt. 8x50x8.5gr;9.7;6;N;1;8;0
7794612173803;;Chocolatin Rospo D./Leche 24ux10g;8.83;31;N;1;8;0
7790580612702;;Choc. Celofan N. 12x30x25g;23.77;22;N;1;12;0
7790580612900;;Choc. Celofan Bco. 12x30x25gr;23.77;27;N;1;12;0
1492;;Car.C/Chic. Figuball Cer 12x45u;6.94;0;N;1;12;0
7790290002176;;Fernet Branca Menta 12x450;18;34;N;1;12;0
7790430060356;;Bananita Dolca 12x16x30g;21.3;25;N;1;12;0
7790430060349;;Bananita Dolca 36x15x14g;11.05;115;N;1;36;0
1496;;Chupetin Soyus Fta 10x100u;8.27;0;N;1;10;0
7790580199203;;Chupetin Cosmos T-Frutti 12x50u;7.38;152;N;1;12;0
1498;;Gall. Polvorita cho/vain. x 80g (40);0.84;829;N;1;40;0
1499;;Gall. Polvorita Vain/Vain.x 80g (40);0.84;809;N;1;40;0
1500;;Gall. Polvorita Vain/Frut. x 80g (40);0.84;832;N;1;40;0
7790950000580;67790950000582;Fernet Cinzano 6x750;27.39;12;N;1;6;0
7791293020303;;Des. Impulse Dynamique 12x53gr;6.64;146;N;1;12;0
7791290783072;;Skip inteligent x 400gr (24);6;52;N;1;24;0
7791290783089;;Skip gliceryn complex 24x800gr;11.72;481;N;1;24;0
7791293999890;;Suave Ac Aloe Vera 8x930ml;6.98;93;N;1;8;0
1506;;Suave Sh Guarana 8x930ml;5.72;0;N;1;8;0
7791293008400;;Suave Ac Multivitamina 8x930ml;6.98;155;N;1;8;0
7791293008349;;Suave Sh Manzana verde 8x930ml;6.98;79;N;1;8;0
7790590005259;;Fosforo Fragata x 50u;10.7;39;N;1;20;0
1511;;Media Tarde 36x130gr;1.07;0;N;1;36;0
1512;;Jugo Rindedos Light Naranja 20x30g;19.11;0;N;1;1;0
7798094227801;;Alf Aires de lujan 18U x 50grs;14.9;0;N;1;6;0
1514;;Fernet branca estuche 1x750c/2min;29.27;0;N;1;6;0
7791290783874;;Ala Matic  L. Prof. 24x800grs;8.46;253;N;1;24;0
1517;;Car. Mast, Sugus Frut. 12x12x6u;4.83;0;N;1;12;0
1518;;Car. Mast. Sugus Menta 12x12x6u;4.83;0;N;1;12;0
7791290783409;;Drive Matic U. Parque x400gr (24);2.88;190;N;1;24;0
1520;;Caramelos Fizz Simpson 12x48x5;12.39;0;N;1;12;0
1521;;Chupetin Simpson P/Acidos 6x24u;19.11;0;N;1;6;0
7790580199005;;Chupetin Cosmo D/Leche x50u;8.3;0;N;1;12;0
1524;;Car. Mast. Sugus Anana 12x12;4.83;0;N;1;12;0
1525;;Huevitos s/sorp. Won 4x24x22gr;29.19;0;N;1;4;0
1528;;Jugo Rindedos Light Pomelo.R. x20s.;19.11;0;N;1;1;0
1529;;Jugo Rindedos Naran. Bana. x20s;19.11;0;N;1;1;0
7790580257200;;Chupetin Megacosmos .surt. 12x24 u;7.68;0;N;1;12;0
7791293009193;;Des. Axe 2010 x113g (12);9.1;67;N;1;12;0
1532;;Whisky Old Smuggler 6x1000cc;21.9;0;N;1;6;0
1533;;Media Tarde tripack x 330gr (14);2.85;301;N;1;14;0
1534;;Fernet Branca dia del amigo x 750;36.18;0;N;1;6;0
78009226;;Des. Dove Deo Stick 12x50gr;14.22;14;N;1;12;0
7791293992174;;Des. Impulse Deo goddes 12x53gr;6.64;280;N;1;12;0
7791293995755;;Des. Axe temptation 12x113gr;9.1;70;N;1;12;0
7791290783935;;Ala Matic L.P. Fresh 24x400gr;4;2123;N;1;24;0
7791290783966;;Ala Matic  Sol 24x400;4;919;N;1;24;0
1543;;Galletitas Terepin 24u x 200 grs;1.18;0;N;1;24;0
1544;;Galletitas Terepin 14u x 400 grs;2.28;0;N;1;14;0
1545;;Galletitas Mini Terepin 30u x 160 grs;0.94;0;N;1;30;0
7793065000070;17793065000077;Aceite Costa del Sol 4x 5lts;20.96;0;N;1;4;0
7793065000384;17793065000381;Aceite Comodoro 15 u x 900 cc;3.55;302;N;1;15;0
7794268004599;;Cafe en saquito 20ux25sx3,5g;3.46;428;N;1;20;0
1546;;Coca Cola x 2lt;0;0;N;1;6;0
376;;BOLON ANIS X 907 GR (12);14.04;1;N;1;12;0
7790036948188;;EDULCORANTE SI-Diet X 200 CC (6);2.82;368;N;1;6;0
1135;;Ketchup Helmmanns x8 GR;37.09;0;N;1;1;0
1165;;Exhibidor sugus Con prodc. Varios;56.58;4;N;1;2;0
1222;;MOSTAZA FANACOA X 8 GR (210);18.11;0;N;1;1;0
1439;;ALFAJOR BARILOCHE 3 NEGRO 24 X 82 GR;22.49;0;N;1;1;0
7794612002288;;BOMBOM DRUPI 100 X 5 GR;12.05;45;N;1;6;0
7794000542136;77794000542135;Caldos Wilde Gallina x 2 (24);0.58;1512;N;1;480;0
7790129017302;;BOLIGRAFO AZUL X 24;8.66;7;N;1;40;0
7790129017203;;BOLIGRAFO NEGRO X 24;8.66;0;N;1;40;0
1540;;Termidor Malbec x 1000 (12);4.39;0;N;1;12;0
1541;;Termidor Cabernet Sauvignon x 1000 (12);4.39;0;N;1;12;0
1542;;Frizze New Touch bco 250 (12);3.97;0;N;1;12;0
1399;;Frizze New Touch Anana 750 (6);9.06;0;N;1;6;0
97;;REDONDEO;0;1;S;1;1;0
700;;GRANAS Y GRAJEAS;0.7;0;N;1;10;0
806;;BOMBUCHAS X 100U;2.76;0;N;1;300;0
1186;;Salsa Golf Fanacoa  x 8GR (196);23.18;0;N;1;1;0
7798006350665;;Rollo verano renome x 10u;4.64;237;N;1;30;0
98;;Minyo x 144U;15.15;0;N;1;1;0
99;;DESCUENTO;0;0;S;1;1;0
7790580109004;;Misky Toffees Choc x 959g (6};16.17;40;N;1;6;0
105;;MERCI VAINILLA X 150G (28);1.23;0;N;1;28;0
106;;MERCI CHOCOLATE X 150G (28);1.23;0;N;1;28;0
6;;CARAMELOS EN LATA SOY 12 X 40G;40.16;0;N;1;6;0
7791293019840;;Sedal Ac Ceramidas x 200 (12);5.52;428;N;1;12;0
7791293019765;;Sedal Ac Balance x 200 (12);5.52;448;N;1;12;0
7790950012200;37790950002202;Dr. Lemon x330 (12);4.52;348;N;1;12;0
7790580117009;;Chupetin Leche Misky x 60u (12);12.3;29;N;1;12;0
7792834000709;;Sidra Rama Caida x 750;4.77;24;N;1;6;0
14;;Anana Fizz Rama Caida;6.5;0;N;1;6;0
7894400001124;;Lamparas Philips x 25w;1.64;1953;N;1;100;0
7790950003048;37790950003049;Tacconi Serrano x 1.5 (12);4.36;251;N;1;12;0
0;;Tacconi Blanco x 1.5 (12);17.34;0;N;1;12;0
10056;;Terma Pomelo 12u x 1250 cc;5.37;151;N;1;12;0
7791293973234;;Suave Sh Vainilla y Canela  8x930ml;6.98;73;N;1;8;0
7794000730267;;Ades Anana x200cc;1.47;305;N;1;24;0
7794000730250;;Ades Anana x1lt (12);4.31;281;N;1;12;0
23;;Vocacion x 150g (30);1.62;69;N;1;30;0
234;;Raspadita Nevares;0;0;N;1;1;0
7790950003055;37790950003056;Tacconi Limon x 1.5 (12);4.36;191;N;1;12;0
1234;;Presentes Empresariales;0;0;N;1;1;0
7794268004476;;Garrapi�ada Manisur X 100G(30);0.98;0;N;1;30;0
25;;Confite Color  Namur x 80g (60);1.62;0;N;1;60;0
26;;Mani C/Chocolate 60 x 80g;2.25;0;N;1;60;0
7792350004526;;Arvejas x 350 (24);1.36;5351;N;1;24;0
7792350006056;;Choclo Crema amarillo x 350g (24);2.41;1235;N;1;24;0
7792350004540;;Choclo Grano Amarillo x 350g (24);3.04;1116;N;1;24;0
32;;Agua S  Padres 6 X 2LTS;1.88;0;N;1;6;0
7790036000725;;Agua LLuvia de Oro 6u X 1500;9.58;139;N;1;1;0
7790036000824;;Jugo Mi-Ju Multifruta 6u X 500;12.15;36;N;1;1;0
10074;;Taza Media Tarde;0;0;N;1;1;0
39;;Agua Saborizada citrus 6 X 500;1.42;0;N;1;6;0
7791599014259;27791599014253;Pure de Tomate Invicta x 520g;1.8;2646;N;1;12;0
42;;Latas Media Tarde;0;0;N;1;1;0
7793024908287;;Chupetin Wamis Chocolate x 50 u;4.48;157;N;1;12;0
7877930249082;;Chupetin Wamis Mango x 50 u;4.48;0;N;1;12;0
7790189001747;;M.T  Seleccion BCO 12 x 375;3.31;65;N;1;12;0
99135;;Candela 5 tiro y Color x 12u;6.7;70;N;1;60;0
46;;Base x 49 tiros;8.28;159;N;1;48;0
47;;Base x 100 tiros;15.74;12;N;1;30;0
48;;Volcan 3 c/luces x 12u;11.29;3;N;1;50;0
49;;Torta  4u x 48 tiros;23.67;5;N;1;20;0
50;;Torta Thunder x 16 tiros;25.71;9;N;1;20;0
51;;Minishow Odisea x 42 tiros;333.84;0;N;1;2;0
52;;Ca�on 100 TIROS de Colores;13.11;0;N;1;40;0
7790129500866;;Ca�a Voladora 40cm Color y tiro 20 x 3;56.24;18;N;1;12;0
55;;Ca�a clavel del aire  x 6u;39.92;2;N;1;36;0
56;;Ca�a 1,22 cm Volador Oceanica x 6u;153.91;2;N;1;4;0
7791324157466;;Pitusas Frutilla  30u x 160g;2.08;1220;N;1;30;0
58;;Pitusas Frutilla Caja x 4kg Fort.;45.58;13;N;1;1;0
59;;Base 4 x 16 tiros;10.9;17;N;1;40;0
61;;Bomba de estruendo x 6u 1 1/2";43;14;N;1;24;0
62;;Turron Mani Misky x 70g (28);0.75;0;N;1;112;0
63;;PAN DULCE LIA X 500G (8);6.86;0;N;1;8;0
7794000730083;;Ades Durazno x 200 cc;1.47;800;N;1;24;0
65;;Ala Lv Vaj miel y alemdra 15u x 750 ml;3.68;0;N;1;15;0
67;;Candela Romana c/ 6 bombas;46.98;3;N;1;12;0
68;;Florerito 500 tiros x 6u;13.21;0;N;1;20;0
7790129500453;;Abejitas 24 x 12u;65.34;39,5;S;1;12;0
69;;Base 4u x 25 tiros con craker;16.78;61;N;1;30;0
71;;Mani C/Chocolate Misky  x 100g (30);2.1;0;N;1;30;0
92;;Diferencia de Precio;0;1;N;1;1;0
7790950005851;37790950005852;Terma Cuyano Ligth 12u x 1250cc;5.95;260;N;1;12;0
7790703100321;;Don Valentin Lacrado x 750 cc (6u);20.94;21;N;1;6;0
7798000211016;;Fabre Montmayou malbec x750;34.86;82;N;1;6;0
109;;Caja Navide�a Chica;8.02;0;N;1;1;0
110;;Caja Navide�a Mediana;7.94;0;N;1;1;0
111;;Caja Navide�a Grande;9.71;0;N;1;1;0
112;;Bombitas bombi�a x100u;1.4;883;N;1;300;0
117;;Minishow Gran Apotesis x 72 tiros;367.79;0;N;1;1;0
119;;Minishow 36 tiros luces y truno x 1;224.21;0;N;1;2;0
120;;Bola Bombi�a x 24u;3.55;0;N;1;24;0
127;;Bengala  10 x 5u;15.09;44;N;1;40;0
145;;Candela Romana c/ 8 bombas color;57.89;0;N;1;12;0
151;;Bomba Estruendo 3 c/6 Bombas;84.7;0;N;1;12;0
152;;Torta  4u x 96 tiros;47.21;13;N;1;12;0
153;;Ca�on c/ 6 Bombas trueno y color 1,5;38.82;0;N;1;30;0
161;;Jabon T. Palmolive Nutri Milk x 90g;1.55;0;N;1;72;0
7891024113769;;Jabon Protex anti Bacterial x 125g;2.11;142;N;1;72;0
170;;Colgate Total 12 Hs x 90g;5.2;0;N;1;48;0
171;;Agua Saborizada citrus 6 X 1,5;2.4;0;N;1;6;0
189;;Car. Mast. Sugus Max x128g;1.73;0;N;1;24;0
7791293990736;;Jabon Lux 2 x 90gr Sorprendeme;2.71;1272;N;1;50;0
7791293990699;;Jabon Lux 2 x 90gr Encantame (50);2.71;1765;N;1;50;0
7791293006468;;Jabon Lux 2 x 90gr P Cremosa (50);2.77;0;N;1;50;0
7791293022130;;Des. Axe Musk 12x113g;9.1;2;N;1;12;0
7791293005577;;Des. Axe click 12x113g;9.1;0;N;1;12;0
7791293022437;;Des. Axe Marine 12x113g;9.1;7;N;1;12;0
7791290784536;;Camellito Ropa Fina Regular x 120ml (30);1.83;725;N;1;30;0
7791290784550;;Camellito Ropa Fina Baja Espuma x 120ml (30);1.83;231;N;1;30;0
7791290784048;;Ala Regular toque vivere Clasico x 400g (24);4;778;N;1;24;0
7798110160426;17798110162427;Fernet veneto 6x750;11.5;6;N;1;6;0
211;;Anana Fizz Rama Caida Sin A.;4.72;0;N;1;6;0
204;;pure tomate noel 12x520;1.94;0;N;1;12;0
7790580100407;;boc. choco mani 12x120;14.76;62;N;1;12;0
7790950104233;;Terma pomelo Ligth 12u x 1250cc;5.95;183;N;1;12;0
7790950004465;37790950004466;Pronto bitt 12 x 354;4.66;175;N;1;12;0
236;;Publicidad e Auto n 86 Tn Clase2 Posadas Misiones;1.27;0;N;1;1;0
7790036972282;;Agua Vida Naranja-Durazno 6 x 1,5;14.02;30;N;1;1;0
7790036972305;;Agua Vida Saborizada Citrus 6 X 1500;14.02;23;N;1;1;0
237;;Traslados varios;1.27;0;N;1;1;0
7790580650308;;Misky Toffees leche x 957g (6};16.17;6;N;1;6;0
7791290784017;;Ala matic toque vivere Clasico x 400g (24);4;1336;N;1;24;0
7791290784000;;Ala Regular sol 24x800grs;8.46;97;N;1;24;0
7791290783959;;Ala Matic Fresh 6x3kg;27.54;43;N;1;6;0
7791293990743;;Jabon Lux x 125gr refrescate (72);2.4;262;N;1;72;0
265;;Des. Impulse Deo Siren  12x53gr;6.64;0;N;1;12;0
7791293010083;;Sedal Sh L. Extremo x 350 (12);12.09;18;N;1;12;0
238;;REGALOS EMPRESARIALES;1.27;0;N;1;1;0
239;;ART DE LIMPIEZA;1.27;0;N;1;1;0
229;;Huevos Choc Rospo 13 x 10g;9.24;0;N;1;24;0
240;;Huevos Choc Rospo 20u x 20g (exhibidor);22.12;0;N;1;6;0
241;;Huevos Hamlet Blanco  x 55g;4.62;0;N;1;24;0
242;;Huevos Hamlet Leche  x 55g;4.62;0;N;1;24;0
245;;Huevos Choc Rospo x 20g;1.26;0;N;1;48;0
246;;Tab Hamlet Way Leche x 33g (30);20.47;0;N;1;8;0
252;;Pimienta Bca granos  R.M 1x5kg;274.78;0;N;1;1;0
7790036263571;;Soda Lluvia de oro 6 X 2LTS;9.58;187;N;1;1;0
7791599000122;;Harina 000 1 kgr Bruning (12);1.57;618;N;1;12;0
7791599001334;;Fideos Mostachol Chico x 500g;2.12;1389;N;1;12;0
7791599000962;;Fideos Macarrones x 500g;2.12;1488;N;1;12;0
269;;Hojas Thin Super Mejorada x 5u;3.84;0;N;1;20;0
270;;Huevos Choc Rospy 60u x 5g (exhibidor);14.2;0;N;1;8;0
271;27794000444144;Savora 196u x 8grs;29.53;6;N;1;1;0
7794612011105;;Alka Menta  x 800g;15.18;61;N;1;10;0
7791293008356;;Suave Sh multivitamina  8x930ml;6.98;161;N;1;8;0
7791293973197;;Suave Sh miel y almendra   8x930ml;6.98;72;N;1;8;0
78;;Choc.Georgalos 40u x 8grs Bco;10.19;0;N;1;12;0
77;;Choc Georgalos sin azucar x 12u;26.49;0;N;1;12;0
76;;Choc Georgalos Semi Amargo Menta x 12u;15.42;0;N;1;12;0
75;;Choc Georgalos Semi Amargo Choc x 12u;15.42;0;N;1;12;0
73;;Choc Georgalos marroc x 12u;15.18;0;N;1;12;0
7790380017349;;Flynn Paff Full Mint x70u;8.44;36;N;1;12;0
301;;Alf Tokke Negro 30 x 50g;21.63;0;N;1;1;0
7791599001280;;Fideos dafrattix 500g;2.12;2;N;1;12;0
7798056668475;;Queso Rallado Vivilac x 40g;1.47;16;N;1;120;0
307;;Whisky Old Smuggler 6x200cc;6.97;0;N;1;12;0
7802225587709;;Oblea Golpe  20u x 27g;13.73;0;N;1;4;0
352;;Sopa  verdura  (9);2.59;0;N;1;10;0
353;;Knorr sopa cr Amarilla x 1(10);3.9;0;N;1;10;0
354;;Knorr Sopa Quick Arvejas x 5u;5.36;38;N;1;24;0
355;;Knorr sopa cr naranja x 1(10);3.9;8;N;1;10;0
543;;Knorr Sopa Quick pollo/c esp. Zana;5.4;0;N;1;24;0
7794000595569;57794000595564;Knorr Sopa Quick Esparrago x 5u;5.36;71;N;1;48;0
347;;Knorr Sopa Quick Choclo x 5u;4.93;0;N;1;48;0
348;;Knorr sopa cr vegetales x8sob (2);3.04;0;N;1;16;0
349;;Sopa Casera Minestrone x 71,5g  (10);1.87;0;N;1;10;0
359;;Knorr sopa casera verd arroz  (2x8sob);1.81;0;N;1;16;0
545;;Knorr Sopa Quick naranja x 5s;4.93;0;N;1;24;0
7794000522114;77794000522113;Sopa Casera Ver c/dedalitos x 71,5g;1.79;831;N;1;10;0
547;;Knorr Sopa Quick Roja x 5s;4.93;0;N;1;24;0
7501056331573;;Ponds Clarant Activ x50g (12);22.67;1;N;1;12;0
7891150004351;;Dove Locion p. extra Seca x 200 ml (12);9.11;59;N;1;12;0
7791293067049;;Dove deo Pro Age x 100 g (12);13.08;5;N;1;12;0
7898422747923;;Dove AC Control x 250 ml (12);9.14;10;N;1;12;0
7898422749156;;Dove Ac Control x 400 ml (12);14.27;0;N;1;12;0
319;;Dove Tratamiento Contra Caida x 250 ml (12);11.98;0;N;1;12;0
7791293990828;;Jabon Lux x 125gr sienteme (72);2.4;304;N;1;72;0
331;;Choc Tokke cookie x 15u;15.37;0;N;1;12;0
332;;Choc Tokke dulce de leche x 15u;15.37;0;N;1;12;0
7790380042167;;Tableta Daqui x 70G (32);1.36;537;N;1;32;0
7891024130100;;Colgate plax x 250ml enjuague bucal;7.95;117;N;1;1;0
356;;Pastillas Mini 8 x 100u (18);4.64;0;N;1;18;0
357;;Pastillas Chicle x 100u (20);7.4;0;N;1;20;0
358;;Chicle Bolas 5u x30  (45);3.03;0;N;1;45;0
361;;Trilogie Bco 6 x 750;14.38;0;N;1;6;0
362;;INFINITUS MALBEC/ SYRAH 6 x 750;24.22;0;N;1;6;0
363;;Infinitus Cab. Sauv/ Merlot  6 x 750;24.22;0;N;1;6;0
364;;Phebus Cab/sauv 6 x 750;20.3;0;N;1;6;0
365;;Phebus Chardonay 6 x 750;21.58;0;N;1;6;0
7798000212037;;Phebus malbec  6 x 750;20.3;0;N;1;6;0
7798000211023;;Fabre Montmayou cab sauv x750;34.86;35;N;1;6;0
370;;Gallinitas x 30u;3.69;0;N;1;1;0
371;;Heladitos x 30u;3.69;0;N;1;1;0
1159;;Chicle Meteoro Fruta x 120u;8.41;0;N;1;18;0
1157;;Caramelo Fizz Meteoro x 48u;13.24;0;N;1;12;0
7790580634308;;Chicle simpsons fruta x 120u;9.65;0;N;1;18;0
1147;;Salsa Golf  Hellmanns 196x8grs;30.21;0;N;1;1;0
7790950003062;37790950003063;Tacconi Blanco x 1.5 (12);4.36;213;N;1;12;0
7790189001761;;M.T  Seleccion TTo 12 x 375;3.31;0;N;1;12;0
335;;Oblea Hamlet 18u x 30g;11.78;0;N;1;6;0
334;;Camaleon Flow Pack 3+1 sin cargo x 6u;11.7;0;N;1;240;0
7793522000438;17793522000435;Magdalena Clasica x 10u (10);4.95;5;N;1;10;0
7793522000698;17793522000695;Magdalena Marmolada x 10u (10);4.95;6;N;1;10;0
7791293008394;;Suave Ac Manzana Verde 8x930ml;6.98;80;N;1;8;0
1166;;Vaso de F.Cinzano x 1;0;0;N;1;1;0
373;;Vaso de whisky x 1;0;0;N;1;1;0
385;;Chupetin Meteoro con polvo acido x 24u;19.27;0;N;1;6;0
379;;Tab Hacker Cho/cereal x 480g;12.94;0;N;1;9;0
380;;Ravioles x 1kg;6.5;1000;N;1;1;0
390;;Des. rexona aerosol teens mujer x60 g (12);6.16;0;N;1;12;0
78927414;;Des. rexona rollon hombre x 50 g (12);6.37;4;N;1;12;0
75026608;;Des. rexona barra hombre x 50 g (12);13.2;6;N;1;12;0
7791293011745;;Des. rexona aerosol Hombre x 105 g (12);9.44;0;N;1;12;0
394;;exhibidor Hellmans alambre x 1;0.18;0;N;1;1;0
1000007791674;;Alf Rapsodia mousse 32u x 45g;17.59;14;N;1;1;0
345;;Alf rell choc. angelito  32 x 45g;11.91;0;N;1;1;0
501;;Mermelada l.tunes durazno 12u x 400g;2.48;0;N;1;12;0
503;;Mermelada l. tunes frutilla 12u x 400g;3;0;N;1;12;0
504;;Mermelada L.tunes dura. y nara. 12u x 500g;2.52;0;N;1;12;0
505;;Mermelada L. tunes Bat c/d.de leche. 12u x 400g;3;0;N;1;12;0
7794000544710;17794000544717;Caldos Wilde verdura x 12 (80);3.25;0;N;1;80;0
507;;Maizena 40x500gr;4.22;0;N;1;40;0
7794000523111;77794000523110;Sopa Casera ver / arroz x 71,5g (10);1.79;0;N;1;10;0
7794000603127;27794000603121;Knorr Arroz Chau Fan;5.19;0;N;1;8;0
377;;Knorr Salsa desh Blanca  (10sob);3.15;0;N;1;10;0
378;;Knorr Salsa desh Primavera (10sob);3.28;0;N;1;10;0
381;;Knorr Salsa desh F. Hierbas (10sob);3.28;0;N;1;10;0
382;;Knorr Ssa tom cebolla  Oliva x 340 (24);3.72;0;N;1;24;0
383;;Knorr Ssa tom cebolla  Albah x 340 (24);3.72;0;N;1;24;0
508;;Jabon en pan Ala x 1u 250gr (72);1.7;0;N;1;72;0
304;;Masticable Renome x 100u;4.27;474;N;1;18;0
395;;Past. Acidos Suchard  x 12u;5.98;0;N;1;16;0
336;;Choc Tokke cereal x 120g;3.9;0;N;1;40;0
340;;Tableta Era de Hielo 18x 25g;12.18;0;N;1;12;0
7794612787208;;Tableton Hamlet x 170g;3.78;0;N;1;36;0
337;;Exhibidor Knorr x 1u;0.08;975;N;1;1;0
338;;Choc Tokke Leche y Cereal x 16u 672G;18.17;0;N;1;9;0
343;;Bombonera Tokke L y M x 12u;6.53;0;N;1;36;0
302;;Super Acidos Georgalos  x450 grs (12);5.27;0;N;1;12;0
303;;Tab.Premiun sin azucar 20x23g (12);27.21;0;N;1;12;0
386;;Petaca ginebra llave x200 (12);3.53;0;N;1;12;0
387;;Petaca gin x200 (12);3.53;0;N;1;12;0
388;;Petaca Vodka x200 (12);5.62;0;N;1;12;0
389;;Petaca Licor de Cafe Cognac x200 (12);5.12;0;N;1;12;0
396;;Petaca Licor de Menta  x200 (12);3.53;0;N;1;12;0
397;;Petaca Licor de Chocolate  x200 (12);3.53;0;N;1;12;0
398;;Petaca Licor de Dulce de leche  x200 (12);3.53;0;N;1;12;0
1515;;Jugo Rindedos Maxi Frutal  20x30g;19.11;0;N;1;1;0
1523;;Jugo Rindedos Light mix frutal 20x30g;19.11;0;N;1;1;0
1452;;Cartuchera Sugus 20 x 66g;3.48;0;N;1;20;0
7791290783393;;Drive x 800gr (24);5.73;9;N;1;24;0
135;;Drive Matic x 800gr (24);5.73;255;N;1;24;0
7791290784543;;Camellito  Baja Espuma x 450ml (12);8.03;84;N;1;12;0
7791290784529;;Camellito  regular x 450ml (12);8.03;64;N;1;12;0
7791293028187;;Des. Axe Fusionx113gr (12);9.1;69;N;1;12;0
510;;Dove shower12x250ml;8.82;7;N;1;12;0
7791293990835;;Jabon Lux Pruebame 3x125g (24);7.14;49;N;1;24;0
7791293005287;;Des. rexona aerosol mujer  x 105 g (12);9.58;160;N;1;12;0
75026448;;Des. rexona barra mujer x 50 g (12);12.07;22;N;1;12;0
78927216;;Des. rexona rollon mujerx 50 g (12);6.56;2;N;1;12;0
451;;Maq. Prestobarba Ultra Grip;2.37;0;N;1;576;0
452;;Maq. Minora x 1u (24);0.83;0;N;1;576;0
516;;Polvo Limpiador Odex relusol 12u x 500g;2.44;0;N;1;12;0
7791599000887;;Fideos Ave Maria x 500g;2.12;831;N;1;12;0
7791599000238;;Fideos Dedalito x 500g;2.12;1763;N;1;12;0
7793522000469;17793522000466;Magdalena rellena D.Lx 10u (10);4.95;3;N;1;10;0
520;;Cubanitos cubamax x 21u;5.39;0;N;1;10;0
525;;Car. Menta Georgalos  x450 grs (12);6.1;2;N;1;12;0
527;;Car. Miel Georgalos  x450 grs (12);6.1;0;N;1;12;0
528;;Choc. Moneda Rul.16x286g;12.04;0;N;1;16;0
7791293007090;;Sedal Sh. sos caida 12x200 ml;5.52;296;N;1;12;0
7791293010250;;Sedal Ac Brillo Glos x 200 (12);5.52;82;N;1;12;0
7791293990019;;Sedal Ac reparacion x 200 (12);4.9;0;N;1;12;0
7791293010090;;Sedal Ac L. extremo x 200 (12);5.52;103;N;1;12;0
7791293433837;;Sedal Sh. brillo gloss12x200 ml;5.52;267;N;1;12;0
7791293990668;;Jabon Lux degustame x 125gr (72);2.4;873;N;1;72;0
7791293990774;;Jabon Lux 2 x 90gr Refrescate (50);2.71;941;N;1;50;0
7798113159410;;Dale Vainilla x 75 grs (36);0.77;1;N;1;36;0
7798113159403;;Dale chocolate x 75 grs (36);0.77;4690;N;1;36;0
7798113159427;;Dale Banana x 75 grs (36);0.77;3923;N;1;36;0
7798113159434;;Dale Frutilla x 75 grs (36);0.77;0;N;1;36;0
7798113159441;;Dale Maria Clasica x 145 grs (30);1.49;61;N;1;30;0
7798113157010;;Argentitas Tripack x 330 grs (12);2.51;5754;N;1;12;0
553;;Chupetin Megacosmos TUTTI 12x24 u;7.68;86;N;1;12;0
554;;Gomita Yelly Roll frut. bosqueX1 Kgs;11.55;0;N;1;6;0
555;;Encendedores Cancun x 10u;6.89;0;N;1;100;0
7798036400903;;Alf Obvio 20g x 60uc (fruta);9.39;0;N;1;1;0
567;;Bombon Love Story x 500g;11.27;0;N;1;16;0
7791599000276;;Fideos cabello de angel x 500g (12);2.52;0;N;1;10;0
7798113157003;;Argentitas x 110 grs (36);0.98;3756;N;1;36;0
405;;Masticable disney x 500g;6.37;0;N;1;12;0
7793024684181;;Chupetin disney x 60 u;8.34;0;N;1;12;0
478;;Maxi osi Disney (12);6.94;0;N;1;12;0
7798113157164;;Argentitas salvado  x 240grs (24);1.74;991;N;1;24;0
7794000593978;67794000593970;Knorr S. Cubos oliva y albah x4 (12);2.63;0;N;1;120;0
7794000593961;67794000593963;Knorr S. Cubos cuatro quesosx4 (12);2.63;0;N;1;120;0
7798000211221;;INFINITUS CHARDO/SEMILLON 6 x 750;20.76;0;N;1;6;0
7790064001633;;Algodon Estrella x 100g (40);2.62;800;N;1;40;0
7791290785496;;Pan Ala Regular x 200gr (84);1.98;1651;N;1;84;0
562;;Mayonesa Hellmanns deliete x 500cc;7.28;0;N;1;15;0
563;;Mayonesa Hellmanns deliete 8u x 250cc;2.99;0;N;1;8;0
564;;Mayonesa Hellmanns deliete 12x400g;5.92;0;N;1;12;0
409;;Jabon Protex liquido x 221ml;9.08;0;N;1;12;0
410;;Cepillo Colgate Premier (12);1.86;1;N;1;48;0
277;;Coctel Vaianu Durazno x 750 (6&;6.9;0;N;1;6;0
278;;Coctel Vaianu Fresa x 750 (6&;6.9;0;N;1;6;0
7790710031014;;Yerba CBSE X500GR (12);3.72;287;N;1;12;0
7790710334146;;Yerba CBSE EndulzadaX500GR (12);3.91;174;N;1;12;0
7790710334023;;Yerba CBSE Limon X500GR (12);3.92;72;N;1;12;0
7790710334009;;Yerba CBSE Naranja X500GR (12);3.92;99;N;1;12;0
7790710334016;;Yerba CBSE Pomelo X500GR (12);3.92;165;N;1;12;0
7790710334085;;Yerba CBSE Silueta X500GR (12);3.92;40;N;1;12;0
7790710334108;;Yerba CBSE Regulase X500GR (12);3.92;59;N;1;12;0
7790710334092;;Yerba CBSE Energia X500GR (12);3.91;140;N;1;12;0
7792665010427;;Arroz monarca 0000  x 500g (10);1.52;2873;N;1;10;0
7790314056789;;C. del Sur  Tto 6 x 700;4.21;0;N;1;6;0
468;;Arizu Tto 12 x 1000;4.44;0;N;1;12;0
701;;Sedal Sh verano block x 24u;9.6;0;N;1;4;0
7791293008646;;Sedal ac rizos obedientes x 200 (12);5.15;72;N;1;12;0
703;;Des. Impulse Deo verano 12x53gr;6.45;0;N;1;12;0
7791293512389;;Des. Axe spray summer 12x113g;8.49;0;N;1;12;0
7791293785172;;Suave Sh chocolate  8x930ml;6.98;84;N;1;8;0
7791293785189;;Suave Ac chocolate  8x930ml;6.98;43;N;1;8;0
689;;Torta festival de crisantemos;59.65;0;N;1;12;0
587;;Ca�on 12 Tiros + Bomba;8.08;0;N;1;60;0
594;;Bomba de estruendo x 6u  2 1/2";58.71;4;N;1;20;0
7791290784727;;Cif gel naranja 12x600gr;9.4;73;N;1;12;0
643;;Ca�on c/ 6 Bombas trueno y color 2";63.48;0;N;1;18;0
7790129500231;;Ca�a Voladora/silvadora 30cm  con tiro 12x12;24.96;29;N;1;30;0
686;;Ca�a 90 cm sauces con punta destellante;12.58;0;N;1;100;0
708;;Ades frutilla kiwi x 200 cc;1.45;0;N;1;24;0
709;;Ades mandarina durazno x 200 cc;1.44;0;N;1;24;0
710;;Ades frutilla kiwi x 1lt;3.69;0;N;1;12;0
711;;Ades mandarina durazno x 1lt;3.65;0;N;1;12;0
690;;Torta resplandores multicolor x 1;38.37;1;N;1;36;0
7798082530302;;Surtidas Fantasia x350g (18);2.5;0;N;1;18;0
7790314057083;;Arizu bco 12 x 1000;3.45;0;N;1;12;0
7790314056796;;C. del Sur  bco 6 x 700;4.55;0;N;1;6;0
7791599000931;;Fideos caracolito x 500g;2.12;755;N;1;12;0
2779089300063;;Grandote 2 fruta 40u x 38g;16.61;0;N;1;1;0
384;;Ca�a 80 cm Triple Efecto  x 6u;8.3;0;N;1;144;0
7790380016885;;Nucrem Georgalo (mantecol) x170 g (30);3.93;0;N;1;30;0
7792350004564;;Jardinera x 350 (24);2.67;809;N;1;24;0
492;;salsa golf Hellmanns 3 x 2900cc;21.89;0;N;1;3;0
7794000544130;77794000545139;Caldos Wilde Verdura x 2 (24);0.58;518;N;1;480;0
7794000542716;17794000542713;Caldos Wilde gallina x 12 (80);3.25;16;N;1;80;0
7791293990231;;Jabon rexona cool breeze x 125gr (72);1.99;727;N;1;72;0
692;;Torta Sue�o de Palmeras x1;163.5;0;N;1;4;0
694;;Ca�on Trueno 2 1/2;14.64;0;N;1;60;0
7790703168352;;Bess Bco x750 (6);7.28;55;N;1;6;0
681;;Bess Melon x750 (6);8.92;46;N;1;6;0
7790703168413;;Bess Durazno x750 (6);8.92;48;N;1;6;0
717;;Fideos caracolito x 5 kg;17.26;0;N;1;1;0
7791599012705;;Fideos tallarin largo  x 5 kg;17.26;3;N;1;1;0
7790950005882;37790950005883;Terma Patagonico12 x 1250 cc;5.37;46;N;1;12;0
7790703000058;;Finca Los Primos tto x750 (6);10.02;1;N;1;6;0
7791290782327;;Cif Power crem ba�o. 12x500ml;6.6;138;N;1;12;0
7791290782341;;Cif Power crem cocina. 12x500ml;4.61;69;N;1;12;0
7791290008199;;Cif limp. univ.c/cloro  12x500ml;9.23;70;N;1;12;0
7791290785397;;Cif ba�o rep. econ.12x500ml;5.69;101;N;1;12;0
7791290785359;;Cif vidrio rep. econ.12x500ml;4.36;2;N;1;12;0
7791293041223;;Lord Cheseline clasi. 12x150 gr;7.66;53;N;1;12;0
7791293041322;;Lord Cheseline exploit12x150 gr;7.66;73;N;1;12;0
7791290000421;;Cif Crema bco12x750gr;6.39;66;N;1;12;0
7790590004108;;Trapo de piso ranchera x 1u;1.94;1;N;1;50;0
7790590005112;;Rejilla de Cocina x 1u;23.75;1035;N;1;200;0
7791599000894;;Fideos Municion x 500g;2.12;944;N;1;12;0
441;;Fideos Fusilis x 5 kg;17.26;95;N;1;1;0
7791599012712;;Fideos dedalito x 5 kg;17.26;0;N;1;1;0
443;;Fideos dedal x 5 kg;17.26;14;N;1;1;0
7794612313704;;Chocolatin Rospo choco 24ux10g;8.83;2;N;1;8;0
;;Promo Minyo x 24U;2.1;0;N;1;1;0
7802225587693;;Oblea Golpe black 20u x 29g;13.73;0;N;1;4;0
7791293010076;;Sedal Sh Liso Extremo x 200ml (12);5.52;80;N;1;12;0
77923424;;Rexona Odorono x 60g (12);6.23;110;N;1;12;0
7791293051123;;Talco Efficient x 100g (12);5.73;140;N;1;12;0
7791293051130;;Talco Efficient x 200g (6);9.84;83;N;1;6;0
7791293521473;;Rexona aerosol Trip Hombre x 115 g (12);9.18;1;N;1;12;0
7791293521480;;Rexona aerosol Ultra Hombre x 115 g (12);9.18;13;N;1;12;0
;;Rexona aerosol Ginseng Hombre x 115 g (12);9.18;14;N;1;12;0
7791293010106;;Sedal Ac  L. Extremo x 350 (12);8.88;23;N;1;12;0
489;;Sedal Crema Para Peinar x 300 (12);10.86;62;N;1;12;0
7798113159670;;Super Dale Frutilla x 112grs (24);1.39;72;N;1;24;0
7798113159656;;Super Dale chocolatex 112grs (24);1.39;174;N;1;24;0
7798113159663;;Super Dale vainilla x 112grs (24);1.39;123;N;1;24;0
7790703167683;;Bianchi Doc. syrah 6x750;18.69;19;N;1;6;0
7790590004214;;Franella Extra Grande;3.87;120;N;1;50;0
7792390001035;;Giacomo Carne x 500g (12);8.62;1;N;1;12;0
7791290783997;;Ala  Regular sol  24u x 400gr;4;321;N;1;24;0
7791290785564;;Cif active gel antiolor 12x300ml;6.34;68;N;1;12;0
7791293990781;;Jabon Lux pruebame x 125gr (72);2.4;334;N;1;72;0
7791293990798;;Jabon Lux  pruebame 3x125g (24);7.14;129;N;1;24;0
7791293623078;;Sedal Ac crecimiento x 200 (12);5.52;48;N;1;12;0
496;;Des. Axe spray instintc12x113g;9.1;312;N;1;12;0
7791293525303;;Des. Axe instintc12x90gr;10.36;5;N;1;12;0
7898422754464;;Dove AC therapy x 250 ml (12);8.82;1;N;1;12;0
579;;Dove Sh therapy x 250 ml (12);8.82;5;N;1;12;0
7891037006324;;close up eucaliptus 90 gr(12);3.35;251;N;1;12;0
7891037744257;;close up menthol 90 gr(12);3.35;74;N;1;12;0
7891037009820;;close up trip hortela 90 gr(12);3.35;117;N;1;12;0
7791599013414;;Harina 000 50 kgr Bruning;66.22;19;N;1;1;0
7790645002769;17790645002766;Pure de Tomate x 8kg;29.24;0;N;1;2;0
7798018161235;;Papas Fritas x 200 (12) Big Cheese;4.86;61;N;1;12;0
7790036972954;;Palitos de Maiz x 70g (15) Big Cheese;1.83;269;N;1;15;0
7790036001067;;Mani Salado x 30g (45) Big Cheese;0.57;173;N;1;45;0
7790036001081;;Mani Salado x 400g (8) Big Cheese;4.9;7;N;1;8;0
7790036001166;;Papas Fritas x 70g (15) Big Cheese;1.83;11;N;1;15;0
7790036140605;;Gaseosa Mocoreta Naranja 6u x 2lt;15.21;12;N;1;1;0
7790036141602;;Gaseosa Mocoreta Pomelo 6 x 2lt;15.21;14;N;1;1;0
7790036142609;;Gaseosa Mocoreta L.Limon 6u x 2lt;15.76;14;N;1;1;0
7790036158600;;Gaseosa Mocoreta Cola 6u x 2lt;15.21;17;N;1;1;0
7790036322124;;Jugo Mi-Ju Pomelo 6u X 500;12.15;42;N;1;1;0
7790036321127;;Jugo Mi-Ju Naranja 6u X 500;12.15;108;N;1;1;0
7790036973357;47790036973355;Pure de Tomate 7 dias x 530g;2.22;2793;N;1;12;0
7790036971605;;Baggio Naranja x 1lt (12);3.19;561;N;1;12;0
7790036512228;;Baggio Manzana x 1lt (12);3.19;2560;N;1;12;0
7790036555294;;Baggio Durazno x 1lt (12);3.19;2177;N;1;12;0
7790036559223;;Baggio Multifruta x 1lt (12);3.19;2496;N;1;12;0
7790036972558;;Baggio Multifruta x 200 (18);1.07;303;N;1;18;0
7790036972541;;Baggio Durazno x 200 (18);1.07;4416;N;1;18;0
7790036972510;;Baggio Manzana x 200 (18);1.07;4275;N;1;18;0
7790036972497;;Baggio Naranja x 200 (18);1.07;789;N;1;18;0
7790036971735;;Baggio Naranja x 125 (28);0.76;4152;N;1;28;0
7790036000176;;Baggio Manzana x 125 (28);0.76;10203;N;1;28;0
7790036000206;;Baggio Durazno x 125 (28);0.76;7592;N;1;28;0
7790036973289;;Baggio Naranja Ligth x 200;1.11;421;N;1;18;0
7790036973296;;Baggio Manzana Ligth x 200;1.11;492;N;1;18;0
7790036973302;;Baggio Durazno Ligth x 200;1.11;275;N;1;18;0
7790036305196;;Jugo Mi-Ju Naranja X 3lt (2);5.29;632;N;1;2;0
7790036948317;;Leche 7 dias/latte Entera x 1lt (12);3.28;4;N;1;12;0
7790036948324;;Leche 7 dias/Latte S.desc x 1lt (12);3.28;2510;N;1;12;0
7790036563299;;Baggio Vida Manzana x 1lt (12);3.19;47;N;1;12;0
7790036564296;;Baggio Vida Banana-Anana x 1lt (12);3.19;92;N;1;12;0
7790036972596;;Baggio Vida Durazno-Damasco x 200 (18);1.11;263;N;1;18;0
7790036972879;47790036972877;Polvo Mocoreta Naranja 10u x20g;6.13;127;N;1;12;0
7790036972886;47790036972884;Polvo Mocoreta Pomelo 10u x 20g;6.13;61;N;1;12;0
7790036972893;47790036972891;Polvo Mocoreta Anana 10u x 20g;6.13;120;N;1;12;0
7790036972916;47790036972914;Polvo Mocoreta Limonada 10u x20g;6.13;58;N;1;12;0
7790036972930;47790036972938;Polvo Mocoreta Mandarina 10u x 20g;6.13;92;N;1;12;0
7790036972589;;Baggio Vida banana-Anana x 200 (18);1.11;479;N;1;18;0
7790036000398;;Baggio Vida Durazno-Damasco x 1lt (12);3.3;483;N;1;12;0
7790036572482;;Baggio Naranja Ligth x 1lt (12);3.19;478;N;1;12;0
7790036573489;;Baggio Manzana Ligth x 1lt (12);3.19;404;N;1;12;0
7790036571485;;Baggio Durazno Ligth x 1lt (12);3.19;243;N;1;12;0
7790036972176;17790036972173;Aceite Oliva x 500cc (6);18.1;40;N;1;6;0
7790036000831;;Sangria Uvita x 1lt (12);3.81;551;N;1;12;0
7790036000848;;Clerico Uvita x 1lt (12);3.81;548;N;1;12;0
7790036001043;;Fiesta Uvita x 1lt (12);3.81;533;N;1;12;0
7790036972428;;Leche Chocolatada x 125 (28);1.01;2132;N;1;28;0
7790036972602;;Leche Chocolatada x200 (18);1.52;1150;N;1;18;0
7790036948294;;Leche Chocolatada x 1lt(12);4.12;1279;N;1;12;0
7790036947563;;Viejo Vi�edo Cabernet Sauv x 750 (6);9.98;10;N;1;6;0
7790036947556;;Viejo Vi�edo Malbec x 750(6);9.98;36;N;1;6;0
7790036948201;;Viejo Vi�edo Syrah x 750(6);9.98;11;N;1;6;0
7790036948553;;Talacasto Tto x 700 (6) vidrio;5.39;469;N;1;6;0
7790036948393;;Viejo Vi�edo Torrontes x 750(6);7.33;165;N;1;6;0
7790036948362;;Viejo Vi�edo Bco x 750 (6);7.33;104;N;1;6;0
7790036001098;;Bodega Privada Malbec x 700 (6);14.54;86;N;1;6;0
7790036948546;;Talacasto Bco x 700 (6) vidrio;4.81;185;N;1;6;0
7790036001036;;Amargo Mocoreta Cuyano x 1,5 (6);3.15;102;N;1;6;0
7790036001074;;Mani Salado x 70g (35) Big Cheese;1.11;0;N;1;35;0
7790036948379;;Viejo Vi�edo ttox 750 (6);7.33;383;N;1;6;0
7794000957541;;Mayonesa Rick x 350g (6) FR;3.79;0;N;1;6;0
7794000957527;27794000957521;Mayonesa Rick x 500g (15);4.56;39;N;1;15;0
695;;Mayonesa Rick Liviana x 250g;2.31;0;N;1;8;0
696;;Mayonesa Rick Liviana x 350g (6) FR;3.79;0;N;1;6;0
697;;Mayonesa Rick Liviana x 500g (15);4.58;0;N;1;15;0
;;Protector Diario Aposito Prima  x 10u (20);1.36;0;N;1;20;0
7791599000993;;Fideos Rosca Entrefino x 500g (12);2.52;6;N;1;10;0
;;Ketchup Hellmanns x 400 (6);6.26;0;N;1;24;0
713;;Caldos Knorr gran ver light 4x10x5sob;2.64;0;N;1;40;0
7794000516113;57794000516118;Knorr sopa cr cebolla 15 sob;2.4;13;N;1;15;0
7898422746155;;Clear Ac Caida Defense 12x200 ml;12.08;5;N;1;12;0
764;;Des. Impulse Deo Musk x 53gr (12);6.64;289;N;1;12;0
797;;Clear sh Caida Control 12x200 ml;12.06;0;N;1;12;0
7898422746216;;Clear sh 2 en 1 Dual Efect x200 ml (12);12.06;0;N;1;12;0
7898422746179;;Clear Reparacion Diaria x200 ml (12);12.06;5;N;1;12;0
7898422746193;;Clear Sh Caida Defense x 200 ml (12);12.06;1;N;1;12;0
7898422746162;;Clear Sh Suavidad x200 ml (12);12.06;8;N;1;12;0
975;;Sedal Sh r. obedientes x 200 (12);5.52;248;N;1;12;0
7791293007106;;Sedal Ac Caida x 200ml (12);5.52;148;N;1;12;0
812;;Gomas transformer 30grs (12);7.73;0;N;1;12;0
7794000524118;77794000524117;Sopa Casera gallc/fid cabello de angel x71,5 (10);1.87;0;N;1;10;0
7794000525115;77794000525114;Sopa Casera carne c/fid caracol x 71,5g  (10);1.87;0;N;1;10;0
1779019800109;;Pimienta EL Coya 10x25grs (1);10.62;0;N;1;1;0
816;;Pimenton El Coya 10x25grs (1);6.53;0;N;1;1;0
;17790198001117;Aji Molido El Coya 10x25grs (1);10.23;35;N;1;1;0
1779019800112;;Comino Molido El Coya 10x25grs (1);11.52;23;N;1;1;0
1779019800101;;Oregano Molido El Coya 10x10 (1);6.53;0;N;1;1;0
820;;Cafe en Saquito Galvan 24x25grs (1);3.84;0;N;1;24;0
7793024000158;;Bolon Eucaliptus x 907g;14.04;21;N;1;12;0
782;;Nuez Moscado entera x 2U;18.55;0;N;1;2;0
7791599014167;;Polenta x 500g Bruning (20);1.1;202;N;1;20;0
7790036948102;;Viejo Vi�edo V. Varietal x 750(6);9.98;498;N;1;6;0
7790380016939;;Mast. Full Tropic x 517g;6.29;0;N;1;12;0
7790380040255;;Bombon Daqui 50u x 9gr;11.47;137;N;1;12;0
7792665010571;;Arroz Monarca 00000 x 500 (10);1.69;7800;N;1;10;0
7891037009844;;close up Menta Verde 90 gr(12);3.35;77;N;1;12;0
7791293990132;;Jabon rexona pure fresh x 125gr (72);1.99;1681;N;1;72;0
7791293990330;;Jabon rexona  V8 x 125gr (72);1.99;662;N;1;72;0
7791293995847;;Jabon rexona  Happy x 125gr (72);1.99;0;N;1;72;0
7791293990675;;Jabon Lux encantame 3x125g (24);7.14;45;N;1;24;0
7791293990712;;Jabon Lux Sorprendeme 3x125g (24);7.14;99;N;1;24;0
7791293521503;;Jabon rexona Energizint x 125gr (72);1.99;924;N;1;72;0
7791293990705;;Jabon Lux x 125gr sorprendema (72);2.4;1038;N;1;72;0
7791293990866;;Jabon Lux x 125gr brilla (72);2.4;168;N;1;72;0
7790036846262;;Talacasto Tto x 1lt (12) Tetra;6.07;1123;N;1;12;0
7790036845265;;Talacasto Bco x 1lt (12) Tetra;5.27;170;N;1;12;0
1779809422513;;PIC NIC Blanco x 40u;16.96;0;N;1;1;0
7791290783348;;Drive regular Undia en el Parquex 400gr (24);2.88;1042;N;1;24;0
7791290783355;;Drive regular B. de Blancura x 400gr (24);2.88;263;N;1;24;0
7791290783416;;Drive Matic B.Blancura x400gr (24);2.88;156;N;1;24;0
7791290783423;;Drive Matic B. Lluvia x400gr (24);2.88;1196;N;1;24;0
7791290784420;;Drive Matic Orquidea x 400gr (24);2.88;5;N;1;24;0
763;;Choc era de hielo 40u x 8 gr Ngro;9.3;0;N;1;20;0
;;Harina maiz1 kgr Bruning (12);1.73;0;N;1;12;0
7790036000213;;Baggio Multifrutal x 125 (28);0.76;7255;N;1;28;0
7791293991382;;Jabon Suave Esencia de Flores x 150grs (60);1.49;1022;N;1;60;0
7790036973036;27790036973030;Pure de Tomate de la huerta x 210g (18);1.17;1973;N;1;18;0
791;;Leche 7 dias/Latte Desc x 1lt (12);2.81;0;N;1;12;0
7790036306193;;Jugo Mi-Ju Pomelo X 3lt (2);5.29;367;N;1;2;0
7790036553290;;Baggio Pera x 1lt (12);3.19;417;N;1;12;0
7790036554297;;Baggio Mza Verde x 1lt (12);3.19;383;N;1;12;0
7790036330198;;Jugo Mi-Ju Limonada X 3lt (2);5.29;913;N;1;2;0
938;;Sopa Casera Pollo c/Espinaca x 71,5g  (8);7.41;0;N;1;8;0
7791293991313;;Jabon Suave Miel y Almendras x 150grs (60);1.49;995;N;1;60;0
7794268004582;;Cafe Torrado R.M.  x 1kg;33.03;6;N;1;1;0
7791599014204;27791599014208;Pulpa de Tomate Parmalat x 520g;1.54;0;N;1;12;0
729;;Limpiador Esencial x 950 (15);2.45;0;N;1;15;0
7791293005362;;Des. Axe music star x 113g (12);9.1;74;N;1;12;0
7791293012834;;Des. Axe music star x 90g (12);10.36;0;N;1;12;0
7791680601108;;Mate Cocido La Hoja x 25s;1.71;299;N;1;20;0
7793522001077;17793522001074;Muffins Chocolate/dulce.Leche x 8u;11.61;0;N;1;6;0
7790036001111;;Bodega Privada x 700 (6) Cabernet Sau;14.54;23;N;1;6;0
7790036973319;;Uvita de plata Malbec x 1lt (12);6.42;713;N;1;12;0
7790036000459;;Vi�a Mayor Borgo�a x 750(6);5.35;332;N;1;6;0
7790036001029;;Amargo Mocoreta Serrano x 1,5 (6);3.1;92;N;1;6;0
7790036972299;;Agua Vida Pomelo Rosado  6 x 1,5;14.02;29;N;1;1;0
779095000351;37790950000352;Ron Castillo Blanco x 1lt;16.17;15;N;1;12;0
7790950111347;37790950111348;Ron Castillo Gold x 1lt;16.17;14;N;1;12;0
7898422748265;;Sedal Crema tratamineto ceramida  x 450 (6);12.35;8;N;1;6;0
7790380416913;;Nucrem 16 x 43g (8);16.44;127;N;1;8;0
7790380416982;;Bocadito Nucrem 18 x 20g (12);13.91;0;N;1;12;0
7790036973326;;Uvita de plata Cabernet Sau x 1lt (12);6.42;659;N;1;12;0
7790703000256;;Bianchi Varietales Malbec 6x750;13.89;4;N;1;6;0
7790703000232;;Bianchi Varietales Cab. Sau 6x750;13.89;31;N;1;6;0
7790703000270;;Bianchi Varietales syrah 6x750;13.89;27;N;1;6;0
7790703168451;;Bianchi Varietales torrontes 6x750;13.38;9;N;1;6;0
7790703000294;;Bianchi Varietales chardonay 6x750;13.89;30;N;1;6;0
7791680301107;;Te La Hoja x 25s;1.42;856;N;1;20;0
7790036000473;;Vi�a Mayor Chablis x 750(6);5.35;73;N;1;6;0
7790036001197;;La Vid Tto x 1lt  (12);5.31;390;N;1;12;0
7791293012292;;Sedal Sh. Recon estructural 24 x 15ml;10.35;63;N;1;4;0
7791293012308;;Sedal Enj recon estructural x 24u;9.06;201;N;1;4;0
7791293011165;;Sedal Ac R. estructural x 200 (12);5.52;56;N;1;12;0
7791293011110;;Sedal Sh R. estructural x 200 (12);5.52;263;N;1;12;0
7791293011172;;Sedal Ac R. estructural x 350 (12);8.88;47;N;1;12;0
7791293011127;;Sedal Sh R. estructural x 350 (12);8.69;50;N;1;12;0
7791293011189;;Sedal Ac R. estructural x 300 (12);7.39;0;N;1;12;0
7791293011134;;Sedal Sh R. estructural x 300 (12);7.12;53;N;1;12;0
7891150002609;;Sedal Crema tratamineto estructural  x 450 (6);12.35;12;N;1;6;0
7891150004368;;Dove Locion p. normal x 200 ml (12);9.11;62;N;1;12;0
75030537;;Des. Axe rollon sensitive 12x53g;8.08;25;N;1;12;0
7791293019826;;Sedal Ac  ceramidas x 350 (12);8.88;16;N;1;12;0
7791293019741;;Sedal Ac  balance x 350 (12);8.88;64;N;1;12;0
7791293019819;;Sedal Sh ceramidas x 350 (12);8.69;60;N;1;12;0
7791293019734;;Sedal Sh crema x 350 (12);8.88;58;N;1;12;0
316;;Ala ultra L.V F.Citricas x 300ml (12);4.82;25;N;1;12;0
339;;Ala ultra L.V limon x 300ml (12);4.53;39;N;1;12;0
7791290000735;;Ala ultra L.V Glicerina x 300ml (12);4.82;30;N;1;12;0
7791290000728;;Ala ultra L.V aloe x 300ml (12);4.82;30;N;1;12;0
7791290000681;;Ala ultra L.V limon x 500ml (12);7.11;54;N;1;12;0
7791290000711;;Ala ultra L.V f.citricas x 500ml (12);7.11;111;N;1;12;0
7791290000704;;Ala Limon Lv Vaj x 4lt(4);21.19;5;N;1;4;0
7891990001732;17891990001814;VODKA SOBIESKI X 750 (12);41.24;8;N;1;12;0
1039;;Des. Impulse Deo white 12x53gr;6.64;181;N;1;12;0
1043;;Des. Axe sensitive x113gr (12);9.1;111;N;1;12;0
7798113159731;;Dale Surtidas x 400 grs (12);3.64;673;N;1;12;0
873;;Baggio Vida Manzana x 200 (18);1.11;293;N;1;18;0
7791599000955;;Fideos caracol rayado x 500g;2.12;659;N;1;12;0
2779089300073;;Grandote 2 Marfil 40u x 38g;18.18;13;N;1;1;0
7791293990163;;Jabon rexona pure fresh 3 x 125gr (24);5.65;115;N;1;24;0
7792006000117;;Arroz Tio Carlos 00000  x 500g (10);2.29;302;N;1;10;0
7793522000186;;Vainillas Valente  12u x 160g (24);2.39;999;N;1;24;0
838;;Globo aerostatico x 1;3.72;23;N;1;100;0
7794000401372;;Mayonesa Hellmanns x 1000cc(8);13.01;31;N;1;8;0
832;;Papas Fritas x 20g (40) Big Cheese;0.75;70;N;1;40;0
7798113157607;;Dale Sweety vainilla x 170 grs (24);2.05;547;N;1;36;0
7798113157614;;Dale sweety Chocolate x 170 grs (24);2.05;913;N;1;36;0
7798006350481;;Pastillas Clix mandarina x 50u;8.91;323;N;1;32;0
7798113150226;;Pastillas Clix frutilla x 50u;8.91;283;N;1;32;0
7798113159809;;Pastillas mini Clix x 100u;8.71;127;N;1;18;0
7790950000115;;Gancia one x 265cc (12);5.15;331;N;1;12;0
7793024000363;;Capullitas x 907 gr;14.04;0;N;1;12;0
7790590000131;;Mata Moscas x 360 ml (6);5.83;60;N;1;6;0
7790590000148;;Mata Moscas doble Accion x 360 ml (6);7.9;145;N;1;6;0
7790590000155;;Casa y Jardin x 360 ml (6);7.9;98;N;1;6;0
7790590000162;;Cucaracha y Hormigas x 345 ml (6);7.55;2;N;1;6;0
7790590000179;;Repelente en Aerosol x 165 ml (6);10.33;294;N;1;6;0
7790590000216;;Bio-Protec Lavanda x 340 ml (6);6.04;12;N;1;6;0
7790590000209;;Bio-Protec x 340 ml (6);6.04;48;N;1;6;0
1011;;Lustra Mueble Lustratodo x 340 ml (6);7.13;32;N;1;6;0
1012;;Lustra Mueble Lustratodo Naranja x 340 ml (6);7.13;43;N;1;6;0
1014;;Minishow jardines de babilonia;451.64;0;N;1;1;0
1015;;Minishow Aurora Boreal;439.09;0;N;1;1;0
7798094222325;;Budin Fantasia limon x 160g (18);2.08;0;N;1;18;0
7790950113129;;DR. Lemon C Tequila 12 x 275cc;4.78;331;N;1;12;0
1030;;Grapa Candolini x 1lt;110.58;10;N;1;6;0
1022;;Minishow Prodijio Astral;575.16;0;N;1;1;0
7791290782587;27791290782581;Enjuague Skip Concentrado x 270 (12);11.49;21;N;1;12;0
1036;;Jabon rexona revitalising x 125gr (72);1.99;995;N;1;72;0
1037;;Suave Ac L.intenso x750ml (12);6.88;127;N;1;12;0
1038;;Suave Ac ondas y rizos x750ml (12);6.88;109;N;1;12;0
1040;;Suave Ac B.activo x750ml (12);6.88;122;N;1;12;0
1041;;Suave Ac R.profunda x750ml (12);6.88;85;N;1;12;0
1042;;Suave Sh B.activo x750ml (12);6.49;0;N;1;12;0
1044;;Suave Ac C.control x750ml (12);6.88;120;N;1;12;0
1046;;Suave Sh C.control x750ml (12);6.88;137;N;1;12;0
1047;;Suave Sh L.intenso x750ml (12);6.88;124;N;1;12;0
1048;;Suave Sh R.profunda x750ml (12);6.88;96;N;1;12;0
1050;;Suave Sh B.activo x750ml (12);6.88;41;N;1;12;0
1051;;Suave Sh ondas y rizos x750ml (12);6.88;95;N;1;12;0
1052;;Suave Sh Caspa Control x750ml (12);6.49;0;N;1;12;0
1058;;Nucrem x 43g;0.84;0;N;1;16;0
1057;;Jugo Mi-Ju Durazno 6u X 500;12.15;75;N;1;1;0
1062;;Sedal Ac  caida x 350 (12);8.88;34;N;1;12;0
1072;;Esponjas Cocina x 12u;20.33;152;N;1;12;0
7791293000053;;Rexona Teens Musicfa x 64gr (12);4.81;32;N;1;12;0
1134;;Dove AC therapy x 400 ml (12);14.22;31;N;1;12;0
1137;;Dove AC therapy x 750 ml (12);22.62;1;N;1;12;0
1142;;Dove Crema Aerosol Para Peinar x 215 (12);10.35;56;N;1;12;0
1143;;Sedal Crema Para Peinar x 315 (6);13.66;0;N;1;6;0
1144;;Des. Axe Twist x 113g (12);9.1;112;N;1;12;0
1148;;Des. Axe Twist x 90gr (12);10.36;167;N;1;12;0
7791293012926;;Jabon rexona Revitalising 3 x 125gr (24);5.65;53;N;1;24;0
1150;;Dove Sh therapy x 750 ml (12);22.62;4;N;1;12;0
1151;;Dove Sh therapy x 400 ml (12);14.22;25;N;1;12;0
1152;;Dove Crema Para Peinar x 200 (12);10.35;43;N;1;12;0
1199;;Dove Crema T.caida x 315 (6);13.66;23;N;1;6;0
1154;;Champagne Bianchi  L.Primo Extra Brut x 750 (6);15.38;104;N;1;6;0
753;;Finca Los Primos Bco x750 (6);9.38;21;N;1;6;0
1205;;Lamparas Ecohome 14w (6);10.69;427;N;1;6;0
1206;;Lamparas Ecohome 18w (6);11.81;350;N;1;6;0
1207;;Nucrem Georgalo (mantecol) x 84g (40);1.72;0;N;1;40;0
7794000957626;;Savora x 250 (8);3.03;7;N;1;8;0
;;Champagne Bianchi x 750 (6);46.43;0;N;1;6;0
;;Jugo Mi-Ju Sup. Manzana 6u X 500;11.68;51;N;1;1;0
7790036972398;;Baggio Pronto Durz- Naranj x 1lt (12);3.19;710;N;1;12;0
;;Baggio Durazno-Naranja x 200 (18);1.07;1203;N;1;18;0
;;Baggio Durazno-Naranja x 125 (28);0.76;4209;N;1;28;0
;;Drive Matic Petalos x 400gr (24);3.15;125;N;1;24;0
;;Skip Perf.Dark x 800gr (24);13.79;195;N;1;24;0
;;Skip Perf.White x 800gr (24);13.79;204;N;1;24;0
;;Cif active gel Naranja y Limon 12x300ml;6.34;90;N;1;12;0
;;Cif active gel Naranja y Limon 12x600ml;10.38;52;N;1;12;0
;;Drive Regular Petalos x 400gr (24);3.15;1675;N;1;24;0
;;Cif Crema C/lavandina 12x375gr;3.81;238;N;1;12;0
1230;;Whisky estuche glenfiddich x 750;168.17;22;N;1;12;0
1210;;Palitos de Maiz x 20g (40) Big Cheese;0.64;516;N;1;40;0
1254;;Pelotitas anti Stress;0.02;90;N;1;1;0
7791290005136;;Cif gel C/lavandina x500ml (12);5.98;172;N;1;12;0
1239;;Des. Axe sensitive x 90gr (12);10.36;307;N;1;12;0
;;Sedal Ac Defense x 200 (12);5.52;21;N;1;12;0
1249;;Des. Impulse Deo Musk x 107gr (12);7.74;65;N;1;12;0
1231;;Baggio Pera x 200 (18);1.07;431;N;1;18;0
1232;;Baggio Pera x 125 (28);0.76;0;N;1;28;0
1229;;Jugo Mi-Ju Naranja 6u X 1500;17.22;58;N;1;1;0
1228;;Pure de Tomate de la huerta x 530g (12);2.22;2048;N;1;12;0
1267;;La Vid Bco x 1lt  (12);4.04;459;N;1;12;0
;27791290000487;Cif Crema C/lavandina 12x750gr;6.32;153;N;1;12;0
1299;;Skip Perf. Uv Color x 800gr (24);13.79;92;N;1;24;0
1300;;Sedal Crema  R.Obedientesx 450 (6);12.35;35;N;1;6;0
1301;;Mayonesa Hellmanns ligth x 500cc (15);7.6;27;N;1;15;0
1302;;Mayonesa Hellmanns frasco Ligth x 350cc (6);5.39;11;N;1;6;0
1303;;Chicle Bomky Mundial 20 x 16,8g;9.58;0;N;1;18;0
1306;;Hamlet Surtidos exhibi. 36u x50g;45;0;N;1;6;0
1325;;Papel H Nittides Blanco 50m x 4u (12);4.67;849;N;1;12;0
1430;37790950005814;Terma Citrus x 1250cc (12);5.99;467;N;1;12;0
1437;37790950005814;Terma Citrus x ligth 1250cc (12);5.95;501;N;1;12;0
1312;;Tableta Daqui Marmolada x 70G (28);1.55;428;N;1;28;0
1341;;Tableta Alteza Leche Mani x 130g G (40);2.32;135;N;1;40;0
1391;;Azufre a Granel x 70u;19.98;46;N;1;1;0
1354;;Suave Ac Coco y Leche 8x930ml;6.98;56;N;1;8;0
1489;;Arroz Rutilante 0000 x 500g (10);1.36;12751;N;1;10;0
7794612504508;;Bomb. Complice Leche. 30x16gr;12.15;56;N;1;12;0
1479;;Tab Hamlet chocolate 20 x 50g;25.62;59;N;1;6;0
1364;27791599014253;Tomate Pelado entero x 400 (12);1.96;2267;N;1;12;0
21022221211111;17790290001199;Fernet Branca 6 x 1.50;58.17;0;N;1;6;0
909909090990;7790628102721;Surtido Fauna;10;1;N;1;28;N
